bond_code,bond_name,stock_name,parkinson,garmanKlass,rogersSatchell,garmanKlassYang,yangZhang,normal
132018,G三峡EB1,长江电力,0.21189262273245593,0.2172459974008716,0.30296711171821245,0.23594390884494587,0.30206772812100957,0.2031873986366705
110053,苏银转债,江苏银行,0.21230277325251082,0.20956288788561295,0.3137926902453911,0.238053910345321,0.3061889042671528,0.2432907662841472
110059,浦发转债,浦发银行,0.2553922199718057,0.26099159201943484,0.3664557532438124,0.2878138782862649,0.36882737385987957,0.25546140152406416
132009,17中油EB,中国石油,0.2539035892839571,0.2600321819248685,0.3694170066559253,0.2873701872994448,0.37028750933036103,0.25683308950374534
132015,18中油EB,中国石油,0.2539035892839571,0.2600321819248685,0.3694170066559253,0.2873701872994448,0.37028750933036103,0.25683308950374534
113011,光大转债,光大银行,0.2865321912065935,0.29162252536717015,0.4115803374428678,0.31704868459073693,0.4106423706203217,0.2818219741487639
110061,川投转债,川投能源,0.2762853319043819,0.27692308153774686,0.3773795691352572,0.30449663274345484,0.3835382159384559,0.2905112020421678
113021,中信转债,中信银行,0.33699469037782925,0.34521716840196315,0.49279480897369254,0.3741330572537445,0.4880665648521916,0.32705978706160205
132005,15国资EB,中国太保,0.3385969472212586,0.34356871428500996,0.48236096821666463,0.37759145271071815,0.48522624170437334,0.3349504287630007
127012,招路转债,招商公路,0.3137423789425384,0.3153075712928826,0.4487060140882182,0.33073402665596696,0.4328927677738767,0.3377419236716991
113019,玲珑转债,玲珑轮胎,0.29036843950936936,0.2874471474500712,0.40459778334725083,0.3421854288107645,0.420348890277358,0.3436549509531575
110045,海澜转债,海澜之家,0.35679724564482745,0.36721748271005844,0.5047623144300967,0.39464736592100547,0.5007337740476162,0.35185130234678863
132004,15国盛EB,上海建工,0.34136474943502104,0.3453372787016133,0.4760954318292261,0.3793123325557648,0.4810779135523822,0.35350254602036746
132008,17山高EB,山东高速,0.338669145599151,0.34050578435805634,0.4773821644108152,0.37591979164929135,0.4830173216103072,0.36233495691584966
127006,敖东转债,吉林敖东,0.3249993421748229,0.3234252201557572,0.45098223912087404,0.360914928646511,0.4614643065816432,0.3631219765024933
113013,国君转债,国泰君安,0.3278215271116812,0.32191675172069983,0.4649553883220519,0.36793664625306194,0.47361429302214353,0.3702197257028937
132014,18中化EBQ,中国化学,0.36418064584751964,0.3674595196644788,0.5094615786318654,0.39826883115718964,0.5100153438180991,0.3720880645712532
132013,17宝武EBQ,宝钢股份,0.359564666525557,0.3652750913660934,0.5113268891201108,0.403727902964359,0.5163437170375801,0.3722105890781599
113026,核能转债,中国核电,0.29933122695795683,0.2967664047323346,0.4241933179771597,0.374399882130613,0.4591630757095022,0.37420525564025003
113009,广汽转债,广汽集团,0.38048613486931376,0.3902873351708638,0.5423451395122998,0.4231430600254685,0.5404458215948075,0.37557313556803923
110047,山鹰转债,山鹰纸业,0.355306970021119,0.3565938408569076,0.49867007663915597,0.39652272347155726,0.50715077460101,0.3789048345167238
110063,鹰19转债,山鹰纸业,0.355306970021119,0.3565938408569076,0.49867007663915597,0.39652272347155726,0.50715077460101,0.3789048345167238
128081,海亮转债,海亮股份,0.36025247892433804,0.3654511670037746,0.4994784448739341,0.4122784130863727,0.5138095332988024,0.3790244214056512
127007,湖广转债,湖北广电,0.33915592170374964,0.33793159830629566,0.47115136114154477,0.38311327396903794,0.48638426118643546,0.3790543427015411
110041,蒙电转债,内蒙华电,0.3493830802309505,0.35143228540254057,0.48762276441856217,0.38759964413666304,0.4940084779787681,0.3822691509723958
113028,环境转债,上海环境,0.3112628499802472,0.2974174167226494,0.4238691444984393,0.35055142146631346,0.4392113046012746,0.382785463945498
113518,顾家转债,顾家家居,0.37476249340135437,0.37750179279608553,0.5284885712867537,0.41556265074461285,0.5251777511793827,0.3875481227770881
113550,常汽转债,常熟汽饰,0.33852887321852737,0.32832361240726116,0.47562383879494047,0.38205943310678725,0.4880845343857621,0.3897078437984841
113508,新凤转债,新凤鸣,0.3250131924787461,0.31461133698379706,0.44411951102394853,0.3704665116658462,0.46044327667657775,0.39093437123676117
113017,吉视转债,吉视传媒,0.37751540756266816,0.3771888646373744,0.5178418048509675,0.41053356479679937,0.5225656922370365,0.39284938398047564
128055,长青转2,长青股份,0.360045678415104,0.35439359698321604,0.4959290375552763,0.3902784645214747,0.5042926065184443,0.39304294889874575
132007,16凤凰EBQ,凤凰传媒,0.36290346170175625,0.3611198554596704,0.49756240045786965,0.4022414868116133,0.5097376035441886,0.39433663480448145
113543,欧派转债,欧派家居,0.3989335618837972,0.4071750512652713,0.5626094494137419,0.4565816481505073,0.5742530858741498,0.4000149614197736
113016,小康转债,小康股份,0.30336188309727796,0.30065164027113384,0.41320524509103707,0.4030216264406677,0.4700350537069418,0.4021991563060204
110034,九州转债,九州通,0.4077792653128192,0.4141180489916388,0.569041218207167,0.44689238018441524,0.5682903997188414,0.4066055525654989
113520,百合转债?!,梦百合,0.3839601812066787,0.3876737447495623,0.5392726293459658,0.4436447239709643,0.5583994654724629,0.4090820457919179
113535,大业转债,大业股份,0.3610397520756111,0.3614486380986715,0.49642307296102295,0.4270521896036635,0.5277698052970069,0.4092293727094122
110038,济川转债,济川药业,0.408967545411932,0.4110036715323996,0.5681585716293128,0.44156508488759644,0.5669877006151096,0.4119178868625068
113544,桃李转债,桃李面包,0.3852617387927476,0.3919322019724998,0.5493951909813575,0.4613602856108419,0.5765092655830125,0.41275452349745834
110051,中天转债,中天科技,0.37592704542015054,0.37367629340492614,0.513287148252781,0.42886379669876395,0.5364879722536887,0.4137646163751825
113024,核建转债,中国核建,0.3194253507206435,0.31508235034946847,0.44812386064010945,0.4007105185114728,0.48768542795327785,0.4164616167951939
113516,苏农转债,苏农银行,0.3739079228982641,0.37152152960668416,0.5453425621826797,0.42499650038790576,0.5510538123780097,0.4175418746077921
113025,明泰转债,明泰铝业,0.3882643677092789,0.3874367344505028,0.5384522931449419,0.4312484799224674,0.549742002470146,0.41897095064500106
113012,骆驼转债,骆驼股份,0.39565476505578695,0.3956574338883812,0.5469536459635139,0.4440931944746222,0.5618312418335669,0.42403970059867035
110043,无锡转债,无锡银行,0.35872268361596776,0.35365569017822773,0.5299721683755813,0.4175324697498042,0.5437762591871146,0.4242689505913922
127011,中鼎转2,中鼎股份,0.38798878073220333,0.38417803829878133,0.5322940959765021,0.42101805573109685,0.5402385381697927,0.424373571018756
110057,现代转债,现代制药,0.38510074119560034,0.38593029743683144,0.5418461448615247,0.4342840411613227,0.5548659104770872,0.42447125245127537
127005,长证转债,长江证券,0.4050852490418945,0.4052605536683249,0.5750133272626347,0.4446953297483977,0.5793875463557555,0.4256583986361464
113525,台华转债,台华新材,0.3842034552850504,0.3826298410128075,0.5292615941339832,0.44799728490539487,0.5591664408620057,0.4280545437666235
127004,模塑转债,模塑科技,0.40003916899302644,0.39891739776503043,0.5616747463076639,0.43694591705933133,0.5665081953844889,0.4283264954364919
110055,伊力转债,伊力特,0.41404707004328933,0.41140159299345463,0.5785169980441066,0.4419284363622384,0.5770191836249275,0.4308561505022391
128018,时达转债,新时达,0.3795104311911046,0.3795158718054537,0.5173192449656887,0.4420732417359002,0.5460024908050097,0.4322726350793588
113527,维格转债,锦泓集团,0.3639318013410173,0.3545546321554237,0.4949458911481355,0.4192144859899851,0.5216510047370244,0.4337177760307358
128059,视源转债,视源股份,0.3948130614864136,0.3989577072948546,0.5672022665400712,0.4651889601165513,0.5822422514202078,0.43416221214726364
110048,福能转债,福能股份,0.39329010588338287,0.38744110254634734,0.5396674442875998,0.4382213838305016,0.5582271551526656,0.4349786017282066
110033,国贸转债,厦门国贸,0.390417108168437,0.38505182853011555,0.5417042026530109,0.43317811441011705,0.5573695091258958,0.4358155046535706
128071,合兴转债,合兴包装,0.42188296638691847,0.4224306355529038,0.6025481147858951,0.4574778960562147,0.601374709412294,0.43682490285722836
128029,太阳转债,太阳纸业,0.41346244687777234,0.41359241920754886,0.574259962466523,0.45268335403543525,0.580242702099215,0.4394577882696547
128064,司尔转债,司尔特,0.40449402811541024,0.40463566718682575,0.5551554727059497,0.4591417826786541,0.5751050533609252,0.44094198353928354
123004,铁汉转债,铁汉生态,0.4106574534658936,0.41268334840351983,0.5743083460188804,0.46309044551259687,0.5881745488801026,0.44170404299615085
128013,洪涛转债,洪涛股份,0.3970767644247724,0.3967110697978753,0.5526865674400812,0.4522508175772667,0.5723444494776432,0.44212985246091296
128034,江银转债,江阴银行,0.37977387558862824,0.3718894180994584,0.5541262715655719,0.4579169593158355,0.590712677325696,0.447188432809878
127003,海印转债,海印股份,0.4132896571658613,0.41427731257868555,0.5792479346615983,0.4629651271780829,0.5915148314403796,0.44855194547021005
110031,航信转债,航天信息,0.4179755320155941,0.4166766640848674,0.5807914290400842,0.4632911968245423,0.5927210682864527,0.45022374257923187
113551,福特转债,福斯特,0.4114212313620208,0.4080801116082687,0.5781386657784628,0.46113101083936103,0.5896413924845829,0.450297584074747
113542,好客转债,好莱客,0.4245867227611261,0.4297569851756869,0.6128098964716909,0.49461311105507194,0.6270658591760457,0.45063872828268603
113528,长城转债,长城科技,0.4028416719316297,0.4008090539655283,0.5607034448477459,0.47253628079917614,0.5934392598467285,0.45088310164289475
128016,雨虹转债,东方雨虹,0.43522818822670584,0.4337555027519794,0.6065589307349188,0.470404451595074,0.6093565126179105,0.4516299045154078
113511,千禾转债,千禾味业,0.416928761327156,0.42166114435084906,0.6022553087316604,0.47126344141840143,0.6037419493526479,0.4532789574010283
110062,烽火转债,烽火通信,0.423484112748057,0.4252670384184508,0.5900577615919907,0.47488913443967723,0.6029428803222218,0.4536044719564992
110052,贵广转债,贵广网络,0.39526889286382005,0.39041385678906143,0.5536758425638239,0.4455324702839649,0.5648626712157371,0.45439659533836724
113014,林洋转债,林洋能源,0.4083276329917797,0.40467399456601955,0.5612250638461799,0.4554121564475807,0.5783699612351615,0.4545044376527853
128075,远东转债,远东传动,0.40224620034570724,0.39314814797466185,0.5522725832465629,0.439286783672211,0.5674777854594467,0.45609652224559943
128017,金禾转债,金禾实业,0.4195148269698235,0.41623957196817846,0.5843075160565419,0.4601077639966617,0.5939592772031369,0.4565466182589468
113533,参林转债?!,大参林,0.4686425858075827,0.47417373782824307,0.671631903142282,0.5047086645023046,0.6534278033205697,0.458174433502398
128067,一心转债,一心堂,0.42416338016071853,0.4258152067233441,0.5991017216968931,0.48023977695521275,0.6092672058501519,0.45827512761951417
113538,安图转债,安图生物,0.4317236374417136,0.43406845581857334,0.6080677743195086,0.4902911817379956,0.616876108472011,0.45953051270728257
113008,电气转债,上海电气,0.41932218271966926,0.4249140737343531,0.589131366506762,0.4849956810554096,0.6088488890407383,0.45976284543567925
128039,三力转债,三力士,0.4222367182031463,0.42367894192725436,0.587135946382449,0.47253008848559097,0.5993824600458019,0.46171248996802555
132011,17浙报EBQ,浙数文化,0.4256197088090156,0.4226484987527351,0.5796741900309162,0.46442684469868334,0.5896760837813908,0.46193012194155464
123012,万顺转债,万顺新材,0.4299743469309387,0.43253004466769895,0.596583228764046,0.48504946821422595,0.6112885532664849,0.46291054494682227
128035,大族转债,大族激光,0.43315619633583546,0.4362417993540728,0.6075616168290072,0.4847454653042801,0.6176373975423312,0.4632117123980381
113022,浙商转债,浙商证券,0.4286850560917677,0.4297212636633438,0.6129022870845074,0.4900006438212518,0.6308294425518974,0.4634931907756776
110042,航电转债,中航电子,0.4383697235461944,0.4405356642639744,0.6097637717775615,0.4829034182256349,0.6161586387347008,0.46386693499610476
113545,金能转债,金能科技,0.385266563242821,0.37781999653943504,0.5375378506524858,0.4422386857914874,0.5554582642792985,0.46497986033761396
132020,19蓝星EBQ,安迪苏,0.4108375508020617,0.4105199881232037,0.5729259663497107,0.47724852403060253,0.6005267379529895,0.4663470415424149
120003,19华菱EBQ,华菱钢铁,0.429003615307384,0.43209765112605586,0.6084512920267063,0.4890317616732671,0.6241853419624863,0.4665209205095956
128046,利尔转债,利尔化学,0.427397009805883,0.41871565679608563,0.5916353929568271,0.46046266129018726,0.6008822600343403,0.47000065930766505
128062,亚药转债,亚太药业,0.4527418456446218,0.45755811609041563,0.641719501751089,0.5082927813113526,0.6502060616390486,0.4708900319288209
128019,久立转2,久立特材,0.435545606715507,0.43405320087605365,0.6034854575553148,0.4827813340131827,0.6162879925389357,0.4711953824340791
113519,长久转债,长久物流,0.39703628836433247,0.39152258270355683,0.5491544286677071,0.4711300799980566,0.5822661167760523,0.4717260027595126
128057,博彦转债,博彦科技,0.42283731070397856,0.4193867506631216,0.5951331019164697,0.47363986416644965,0.6107861966344631,0.4737350242262964
128042,凯中转债,凯中精密,0.41180921615149835,0.4175222121523074,0.5791173996391897,0.4988248940171579,0.6111698188371099,0.47593352875081935
128025,特一转债,特一药业,0.4069473472812437,0.4009595468185505,0.5568719592094388,0.47634709369215017,0.5933329349851819,0.4764083381305217
113532,海环转债,海峡环保,0.39682265432289227,0.39273803559478326,0.5488776386696674,0.48726159355698356,0.6014790547391716,0.4776833720845557
123020,富祥转债,富祥股份,0.41165931569331055,0.4066501347540919,0.5827597197057939,0.4862854496432922,0.6151611668183735,0.4779844171026776
128066,亚泰转债,亚泰国际,0.3871580013560298,0.3735798204338521,0.5200303277441147,0.4469637482593741,0.5593235070235494,0.4801651523949609
123023,迪森转债,迪森股份,0.45400084119828915,0.45495061713957574,0.6273444409280752,0.49882458155036535,0.6348505222228402,0.48030160274597683
128054,中宠转债,中宠股份,0.42378225460702734,0.42362169045531917,0.6030082523446212,0.49602201142154756,0.6215878210931791,0.480399968150406
128077,华夏转债,华夏航空,0.3860399782966412,0.38303059504817083,0.5366105751966864,0.4765739406816845,0.574340955452666,0.4817447033899105
110056,亨通转债,亨通光电,0.4254598417277741,0.42170504446977014,0.5906909559064915,0.4822116905090839,0.6136504153982415,0.4819022066823203
128030,天康转债,天康生物,0.4393041158142676,0.43620942845898064,0.61215702310227,0.4890596304619841,0.6276427100349941,0.4824749649736533
128032,双环转债,双环传动,0.43818761193487804,0.4330525414421476,0.6042250376436153,0.48000129213371134,0.6169024396173803,0.48290002789056724
128083,新北转债,新北洋,0.4434836230610967,0.44107916584102846,0.6175712864396377,0.49464746302028334,0.6329806765724557,0.48320390489260173
128033,迪龙转债,雪迪龙,0.4350135121706184,0.43458490377733344,0.6003158404954012,0.486154110147917,0.6157041056444598,0.48330624111340426
128010,顺昌转债,澳洋顺昌,0.45747604174468404,0.45447767323105115,0.6332039784364821,0.4924063141186409,0.6367114921513175,0.48438728485922666
128078,太极转债,太极股份,0.4882613242012196,0.48931039145143795,0.6835670652856047,0.5226601694023796,0.6790024234905698,0.48639232349971256
113509,新泉转债,新泉股份,0.4447752292766837,0.4477999163688125,0.6315660592212952,0.5177971535339241,0.6484397044489485,0.4869048826786923
113524,奇精转债,奇精机械,0.4526855824302561,0.4558934445685077,0.6359944166156123,0.5241669831760115,0.660503614658442,0.4900490840341291
113552,克来转债,克来机电,0.45893557668567453,0.4695381818396723,0.6552757264762034,0.5508026842982761,0.6863263593836815,0.4902921838915555
128080,顺丰转债,顺丰控股,0.4362504303008526,0.43621760106131013,0.6170414942674042,0.5097537625280935,0.6465753679255296,0.49313285774217896
128060,中装转债,中装建设,0.4368316533780669,0.4347649831501551,0.6214726283673422,0.5136267193049439,0.6520859564763611,0.49317649757197857
113549,白电转债,白云电器,0.4455804647679939,0.44446021891398346,0.626078321652666,0.5031216175562534,0.6445077743147151,0.49353946595845316
113523,伟明转债,伟明环保,0.4369229356777872,0.43531929142333065,0.6226292426021993,0.5091157903000798,0.6514485968899616,0.49429124682535214
113536,三星转债,三星新材,0.40233760657440426,0.39839835305046184,0.5486840030253105,0.5016657395294694,0.6100033094521661,0.4973796150949819
110046,圆通转债,圆通速递,0.4515571957061639,0.4494936520051556,0.6337886780034232,0.5054830218488959,0.6498603090151803,0.49800047777901285
113541,荣晟转债,荣晟环保,0.41866049648178216,0.41086741501927054,0.5786779956454886,0.4884526250372979,0.6170157540185846,0.49801806457402675
113020,桐昆转债,桐昆股份,0.47356965832540054,0.4764419927631536,0.6622210034917393,0.527462469007239,0.6723621237977181,0.5012723152061911
128053,尚荣转债,尚荣医疗,0.4621687554412962,0.45815607369755024,0.63508515834593,0.5095251833218234,0.6499141732769544,0.5031369245255187
110060,天路转债,西藏天路,0.4568671238146734,0.4551514023336846,0.6443012704201546,0.5133237731227324,0.6600488784506776,0.5035670623274948
123035,利德转债,利亚德,0.4859073590268339,0.48958077351939555,0.6778522016465327,0.5431976532039864,0.6895121968435772,0.5037556938565646
128045,机电转债,中航机电,0.46904545307216255,0.47435820090410385,0.6613436705995068,0.5312974820629897,0.6748585819892867,0.5055366453647184
113504,艾华转债,艾华集团,0.4286014665031285,0.41732941476282787,0.588824967276329,0.498990299117102,0.625850703318517,0.507393385543587
123030,九洲转债,九洲电气,0.46181070024992876,0.45547347794262033,0.6380817585962708,0.5173077329705938,0.6600726328422325,0.5076848036290871
128074,游族转债,游族网络,0.48045772142158866,0.4860196511004185,0.6785970638820323,0.5395817779593616,0.6881355767374384,0.5085446117565484
128058,拓邦转债,拓邦股份,0.4590778674478708,0.45065315706912096,0.6349828549151747,0.49984747079928493,0.6479921916601946,0.5086197901699905
110054,通威转债,通威股份,0.46339845072746083,0.4619595712343933,0.6390955324450953,0.5247938115265728,0.6620284987286661,0.509942181584267
128073,哈尔转债,哈尔斯,0.46985340750734333,0.4702543282876342,0.6667266249921254,0.5266557785939441,0.6794112665117525,0.5118837671557261
113530,大丰转债,大丰实业,0.4917145221053079,0.4902786655739477,0.6990430353648258,0.5465112383192472,0.7099196034473487,0.5120845690354129
123011,德尔转债,德尔股份,0.44127739913539904,0.4354750501697379,0.6157443801957663,0.5157588047999194,0.6513576051394516,0.5150735977529621
113531,百姓转债,老百姓,0.473986699955223,0.47447466206615474,0.6685614469922287,0.5448022798436452,0.6883291227151844,0.5174503188528171
110044,广电转债?!,广电网络,0.4701311680389387,0.46277733168308793,0.6581012339754426,0.5149518575487319,0.671077221998283,0.5175042870116559
113515,高能转债,高能环境,0.45047272961056495,0.44565480955862913,0.6284598734747708,0.5191063072432904,0.6546829187460433,0.518212507628973
113526,联泰转债,联泰环保,0.42305545930566013,0.42263817514754615,0.6050518820831974,0.5343317417884818,0.6562842357492127,0.5197393554356583
128026,众兴转债,众兴菌业,0.4430755956799535,0.43732899417259735,0.6274889659723999,0.5197520316327111,0.6589591022519622,0.5218246561625998
113027,华钰转债,华钰矿业,0.4590715252116706,0.45487140801167264,0.6498565496602292,0.5209223238308868,0.6665208977066387,0.5225305882410334
123032,万里转债,万里马,0.42688962119809787,0.4250051863016098,0.5928674202353318,0.5318289819721181,0.6500856397426042,0.5254303103950544
128036,金农转债,金新农,0.47401778428182373,0.4702623766037499,0.6528370968988809,0.5360626473436853,0.6781676090552987,0.5258914012815468
128038,利欧转债,利欧股份,0.4525408035985573,0.4568219992585546,0.640222057247812,0.5482496269399452,0.6821170595556949,0.526949988260887
110058,永鼎转债,永鼎股份,0.4683686508658925,0.46498327128255396,0.6560667606473672,0.5248306458414127,0.6746404547729222,0.5278813074282048
127014,北方转债,北方国际,0.46558426860165797,0.46087673590287936,0.6501900584484878,0.5202388401840307,0.6693047263343217,0.5280889046763529
128048,张行转债,张家港行,0.450969426340946,0.44912668398328376,0.6713581218333226,0.5441134359561589,0.6992046308294863,0.5283489412357287
128065,雅化转债,雅化集团,0.4849036581598482,0.4822934358575973,0.678944274622374,0.5384142778796489,0.6932688602618072,0.5285257451665686
123029,英科转债,英科医疗,0.44990143411724953,0.444658054047528,0.627234514901606,0.529103838127721,0.6652959420036573,0.5285703914714434
110050,佳都转债,佳都科技,0.47512315674830236,0.47730065624746915,0.6540789755371703,0.5504736427731539,0.6840104756697698,0.5304291981965781
123015,蓝盾转债,蓝盾股份,0.4803631826748804,0.48034402041930274,0.6725066490854962,0.5502091238820246,0.6976395401221391,0.5320732523647264
128021,兄弟转债,兄弟科技,0.4981381064396249,0.4957015699801236,0.7017610999298156,0.5511135157049605,0.7136040017738182,0.5336655075742813
128043,东音转债,东音股份,0.4550650601184439,0.4593465490341271,0.6494448296668599,0.5502829068321579,0.6835525094100536,0.5337895980129297
128023,亚太转债,亚太股份,0.46855647362680586,0.46808039344139296,0.6571790607558405,0.527480519453353,0.6746572158491877,0.5339024451492692
128051,光华转债,光华科技,0.4739346210176993,0.4721051945622172,0.6722595144774625,0.5431001028675851,0.6960390389782292,0.5345717190250419
128012,辉丰转债,辉丰股份,0.46393452704716004,0.4613024949996645,0.6503560904948794,0.5318033389117282,0.6765146749764953,0.5361207821973586
123013,横河转债,横河模具,0.44237671865715694,0.43447254531796253,0.6053580348187785,0.5343220964015604,0.6545270012039187,0.53650481950604
128049,华源转债,华源控股,0.46621703523519886,0.4607095532683471,0.6493010959922338,0.5364594243990018,0.6782868010955575,0.5377804212153755
123009,星源转债,星源材质,0.4771067637667449,0.47215894098745637,0.672730537399524,0.540702828011182,0.6901607716128064,0.5381082708560452
123016,洲明转债,洲明科技,0.5162317804260574,0.5200260634824805,0.7255775323538798,0.5781211249212161,0.7375092776555773,0.5388391798799828
123018,溢利转债,溢多利,0.4948855622926933,0.48989850959512204,0.696271794620846,0.5478396884839726,0.7073322943557339,0.5393740008044845
113534,鼎胜转债,鼎胜新材,0.4449412231627904,0.42961620501490494,0.6205095108295807,0.5167469208964739,0.6515347486309495,0.5405555452615325
128044,岭南转债,岭南股份,0.47112372179207873,0.46404743495998274,0.6507080043669641,0.538206809936221,0.6790501635521706,0.5408119754225085
113505,杭电转债,杭电股份,0.48531207632315826,0.48083195552254704,0.687158990067737,0.5487078252265776,0.7089645250466842,0.5414148385839
113521,科森转债,科森科技,0.5025558629067296,0.5021172813609653,0.7051323410901831,0.5628511006760851,0.7145320369185879,0.5415741367117086
123019,中来转债,中来股份,0.49004870208346657,0.4878173973735926,0.6903170041255108,0.5594956371920676,0.7112639537317502,0.5418662637044954
128037,岩土转债,中化岩土,0.4856545056683182,0.4841331774095348,0.6840497262073032,0.5590486783893068,0.7122485436301726,0.5420712291031532
128020,水晶转债?!,水晶光电,0.4975495117820305,0.4946380391897508,0.6959737118219951,0.5509120595965167,0.7100164454825247,0.5485928931764508
123022,长信转债?!,长信科技,0.5034192490953303,0.5012092766992767,0.701715767417381,0.5657319049038348,0.722313908083396,0.5492138928050943
123002,国祯转债,国祯环保,0.47746492667994256,0.4749987366914325,0.6680578737085616,0.5549757321756214,0.7006614756011421,0.5492365174133692
128052,凯龙转债,凯龙股份,0.44401182366215813,0.43585966257809844,0.6159594283822762,0.5349239996934857,0.6681007676447694,0.5503541780188507
128022,众信转债,众信旅游,0.4832510348484265,0.4827778051499288,0.6825507141087567,0.5677864543909933,0.7136490303995633,0.5507027288194849
113547,索发转债,索通发展,0.45322182306874387,0.45040080873961735,0.6256990891350328,0.5605761263785317,0.6876840419308914,0.5510378711820844
128061,启明转债,启明星辰,0.5131640989405729,0.5171500146910265,0.7220309614582381,0.5830695409991962,0.740504582606003,0.5512548689717893
128068,和而转债,和而泰,0.5140818825349689,0.5135101847061997,0.719868200607626,0.5696495246631841,0.7321904864980054,0.5515463856890369
113502,嘉澳转债,嘉澳环保,0.455762791167548,0.4489776403474349,0.6445885315848666,0.5434517253871706,0.6837936543077381,0.5532692248210611
123025,精测转债,精测电子,0.517840750045231,0.5206785486363075,0.7375044492442958,0.5947966796535955,0.7543519567951723,0.5582849733562771
127013,创维转债,创维数字,0.5057749273697361,0.5058416723193732,0.7247264767467532,0.5773628671681434,0.7457181646985751,0.5642785485529486
113510,再升转债,再升科技,0.4926072528161282,0.4908082946968051,0.6975022272588768,0.5799692474773632,0.7313650968210539,0.5652717089740298
128014,永东转债,永东股份,0.47747151804313814,0.4660479189367394,0.6665891866884774,0.5544842945469802,0.7077186777592067,0.5676220726990799
123003,蓝思转债?!,蓝思科技,0.4823913271717778,0.4704621195655352,0.6694951071716321,0.5490918212015817,0.7004732946818334,0.5695827721087288
123010,博世转债,博世科,0.5019866131548023,0.49511090610558994,0.6960907226297659,0.5741532425989675,0.7257055264131328,0.5697343106194472
128072,翔鹭转债,翔鹭钨业,0.4901364061535839,0.4857809361321528,0.6981343834549931,0.5768940257012579,0.7308093107984527,0.5706300428157741
127008,特发转债,特发信息,0.4979188595744591,0.4952827767427197,0.7014991234420093,0.5760405556006268,0.7335396616692624,0.5707609217007239
128056,今飞转债,今飞凯达,0.47243149208804786,0.46846615140706943,0.6686577641794232,0.5761334768700819,0.7158517497234358,0.5717407877193879
113514,威帝转债,威帝股份,0.48546188419848796,0.4853112731730225,0.6813164242399192,0.5789157352669655,0.7247776987392025,0.5729936539629461
123028,清水转债,清水源,0.47718080378168104,0.4753032770187761,0.6738131158143515,0.5930703279510783,0.7351947572444705,0.5754467743520587
113503,泰晶转债,泰晶科技,0.4660491696924558,0.4581599639424008,0.6562282854909527,0.5559801497286155,0.6984189425233411,0.5757299818382322
113548,石英转债,石英股份,0.5200410831353212,0.5093017214416948,0.7218587374244737,0.5792160700409833,0.7438697735896481,0.575768517944843
128063,未来转债,德尔未来,0.5044607983294888,0.49982442999234705,0.7105052321541396,0.5615146081416932,0.7275374423688242,0.5763135993508048
128028,赣锋转债,赣锋锂业,0.5436212305033423,0.5403682660593775,0.7718679446662791,0.5936823515559209,0.778527733489483,0.5804034709538091
113546,迪贝转债,迪贝电气,0.47166977604282095,0.4648293242857734,0.6699439930089505,0.5701569423854165,0.7138783166716075,0.581038923357594
128040,华通转债,华通医药,0.49538119364304833,0.4830252739728185,0.6919503864001012,0.5811804968729413,0.7364978414312071,0.5915586015779352
128041,盛路转债,盛路通信,0.5304508350902648,0.5263016200855385,0.751262051127407,0.6053468023767532,0.7793571471799067,0.5947555923598151
113522,旭升转债,旭升股份,0.5304472848026847,0.5322751017305636,0.7429096466737803,0.6383749879496993,0.7859849409683828,0.5975698655191628
123014,凯发转债,凯发电气,0.5028343397036349,0.4957010521803229,0.7050962649718189,0.5895857764741688,0.7444618183599254,0.5980803899430793
128015,久其转债,久其软件,0.5441721681828874,0.5410994030973215,0.774504569987961,0.6088186974673081,0.791206284232912,0.6000496793513502
132021,19中电EB,中国软件,0.5782828031841473,0.5829876647289142,0.827684238065344,0.6382538069518825,0.8297682803639258,0.6039816416751745
123034,通光转债,通光线缆,0.5369125183316539,0.5304101319504518,0.7465477341842494,0.6053835627685954,0.7743799860376742,0.605920850593291
128079,英联转债,英联股份,0.5183663600557276,0.5059956026472773,0.744696124911965,0.5991178238605859,0.7766324095099583,0.6080374152412634
113537,文灿转债,文灿股份,0.499580654732303,0.4869587077159426,0.6941456172822078,0.6056160515367625,0.7487657221866176,0.6126544376156073
128070,智能转债,智能自控,0.5194203021651504,0.5166239159479559,0.755531921368186,0.6306424587185752,0.7993614111868238,0.6128669936548514
123031,晶瑞转债,晶瑞股份,0.5457006322396621,0.5452634364863038,0.7723136238056408,0.647460245757415,0.8103909239036619,0.6130340919886221
128076,金轮转债,金轮股份,0.5319432679792812,0.5239055445580738,0.75219000483506,0.5964799974234412,0.772045242755432,0.6141076337145012
113539,圣达转债,圣达生物,0.5168500772920621,0.5126889332235396,0.7279690633396482,0.6249403854908897,0.7757824230072295,0.6141704263636278
113517,曙光转债,中科曙光,0.5325707791317399,0.5275807938352024,0.7415195968460692,0.6230207001641369,0.7854424415511084,0.6150495624001497
113540,南威转债,南威软件,0.5559924188453166,0.5522952654558417,0.7861912227375778,0.6307883805002448,0.8079710773594793,0.6171092253880356
123027,蓝晓转债,蓝晓科技,0.5379124467363571,0.535534359040126,0.7626460064559658,0.6261643414752843,0.7947597726301702,0.618330198391162
123021,万信转2,万达信息,0.5616777782123036,0.5604705757059907,0.8000354470088584,0.6356853651783845,0.8211030919089728,0.619303999314084
123026,中环转债,中环环保,0.5113530069215142,0.5064415523314745,0.7224969808481241,0.6270238891878386,0.7773751908980612,0.6196349521287574
128050,钧达转债,钧达股份,0.553992660778704,0.5470605512038912,0.7889091247551809,0.638383279805911,0.817253370348034,0.6392371800088119
123024,岱勒转债,岱勒新材,0.5344943690879745,0.5266208746458233,0.7539324307945138,0.6512490729313112,0.8109051113693959,0.6395959760033325
123007,道氏转债,道氏技术,0.5964087451225573,0.5935438397177522,0.8404675164752635,0.6712376122798671,0.8604099979543126,0.6560507760681243
128069,华森转债,华森制药,0.5589061420649526,0.5634262932748586,0.8026391764324264,0.6796970609210101,0.8529998414067401,0.660306126769236
123017,寒锐转债,寒锐钴业,0.5574971600451906,0.5476393062545633,0.794446137753228,0.6580647322089749,0.8391782853880854,0.6630733608457532
123033,金力转债,金力永磁,0.6491197933269327,0.630753959518351,0.9316747742091304,0.852475554063193,1.052925196448716,0.8517491810336748
