,,,,,,涨跌,,,价值,,价值,,价值,触发价,触发价,占比,持仓,,年限,税前收益,税后收益,收益,(万元),,,
123034,通光转债,166,-0.60%,通光线缆,14.53,1.68%,4.78,7.98,182.08,-8.83%,购买,A+,购买,5.59,10.37,6.10%,-,2025/11/3,5.573,2.97,-5.97%,-6.50%,购买,200707.9,157.17,x
113555,振德转债,187.4,-0.40%,振德医疗,40.98,0.47%,4.83,20.04,204.49,-8.36%,购买,AA-,购买,14.03,26.05,7.70%,-,2025/12/18,5.696,4.4,-7.02%,-7.67%,购买,69695.23,179.04,x
128079,英联转债,198.41,-8.57%,英联股份,28.86,-9.81%,8.83,13.54,213.15,-6.92%,购买,A+,购买,9.48,17.6,3.80%,-,2025/10/21,5.537,2.14,-9.12%,-9.61%,购买,102029.8,191.49,x
128086,国轩转债,147.9,0.46%,国轩高科?R,18.38,-0.22%,2.31,12.19,150.78,-1.91%,购买,AA,购买,8.53,15.24,8.90%,-,2025/12/17,5.693,18.5,-4.35%,-4.80%,购买,20098.05,145.99,x
123020,富祥转债,191,-2.35%,富祥股份,28.71,0.31%,6.05,14.93,192.3,-0.68%,购买,AA-,购买,10.45,19.41,1.40%,33.03%,2025/3/1,4.896,1.168,-9.13%,-9.76%,购买,66211.93,190.32,x
128043,东音转债,224.458,-1.13%,东音股份,14.16,0.35%,20.58,6.27*,225.84,-0.61%,购买,AA-,购买,4.39,8.15,0.40%,0.35%,2024/8/2,4.318,0.812,-14.56%,-15.05%,购买,20299.12,223.85,x
113511,千禾转债?!,148.69,0.74%,千禾味业,27.39,2.28%,8.41,18.31,149.59,-0.60%,购买,AA-,购买,12.82,23.8,1.50%,25.46%,2024/6/19,4.197,1.851,-6.49%,-6.99%,购买,7552.24,148.09,x
127015,希望转债,162.702,-1.82%,新希望?R,32.35,-1.61%,5.23,19.78,163.55,-0.52%,购买,AAA,购买,13.85,25.71,2.90%,-,2026/1/2,5.737,40,-6.65%,-6.94%,购买,26991.14,162.18,x
123021,万信转2?!,173.431,6.62%,万达信息?R,23.57,6.41%,7.07,13.6,173.31,0.07%,购买,AA,购买,9.52,17.68,0.50%,20.82%,2025/3/3,4.901,1.264,-7.69%,-8.26%,购买,30897.79,173.5,x
123029,英科转债,303.22,8.49%,英科医疗,49.15,8.93%,7.54,16.17,303.96,-0.24%,购买,AA-,购买,11.32,21.02,1.70%,0.57%,2025/8/15,5.353,1.804,-13.94%,-14.82%,购买,46942.85,302.98,x
123037,新莱转债,136.51,-3.87%,新莱应材,15.22,-2.50%,4.06,11.18,136.14,0.27%,购买,A+,购买,7.83,14.53,9.10%,-,2025/12/18,5.696,2.8,-2.55%,-3.08%,购买,29884.37,136.78,x
123018,溢利转债,146.125,-1.27%,溢多利,12.14,-0.08%,2.35,8.35,145.39,0.51%,购买,AA-,购买,5.84,10.86,4.60%,2.55%,2024/12/20,4.701,2.557,-5.07%,-5.59%,购买,2363.4,146.63,x
128090,汽模转2,135.989,2.63%,天汽模,5.65,3.86%,1.94,4.19,134.84,0.85%,购买,AA,购买,2.93,5.45,9.10%,-,2025/12/27,5.721,4.71,-2.91%,-3.36%,购买,29104.68,136.84,x
128087,孚日转债,123.981,2.38%,孚日股份,7.85,4.81%,1.97,6.39,122.85,0.92%,购买,AA,购买,4.47,8.31,9.10%,-,2025/12/17,5.693,6.5,-1.60%,-2.01%,购买,9051.45,124.9,x
113548,石英转债,155,2.89%,石英股份?R,22.78,2.84%,5.37,15.25,149.38,3.76%,购买,AA-,购买,10.68,19.82,4.70%,-,2025/10/27,5.553,3.6,-3.90%,-4.60%,购买,3686.47,158.76,x
128030,天康转债,171.61,-0.86%,天康生物?R,13.28,2.15%,3.72,8.05,164.97,4.02%,购买,AA,购买,5.63,10.46,1.10%,7.18%,2023/12/22,3.704,1.519,-10.99%,-11.50%,购买,27133.49,175.63,x
128094,星帅转债,119.48,0.07%,星帅尔,27.28,0.40%,3.81,23.92,114.05,4.76%,购买,A+,购买,16.74,31.1,8.80%,-,2026/1/16,5.775,2.8,0.30%,-0.34%,购买,18401.64,124.24,x
128077,华夏转债,127.3,-0.56%,华夏航空,12.76,-2.97%,3.14,10.52,121.29,4.96%,购买,AA-,购买,7.36,13.68,10.30%,-,2025/10/16,5.523,7.9,-0.96%,-1.60%,购买,1693.08,132.26,w
113550,常汽转债,135.8,-0.54%,常熟汽饰,12.8,-1.61%,1.38,9.93,128.9,5.35%,购买,AA-,购买,6.95,12.91,27.70%,-,2025/11/17,5.611,9.92,-1.96%,-2.60%,购买,2165.64,141.15,x
132020,19蓝星EBQ,120.5,1.91%,安迪苏?R,13.12,3.31%,2.55,11.46,114.49,5.67%,购买,AAA,购买,8.02,14.9,12.80%,-,2024/10/18,4.529,45,-1.33%,-1.87%,购买,3827.08,126.17,x
113531,百姓转债,145.36,-0.46%,老百姓?R,82.53,0.00%,7.03,60.09,137.34,5.84%,购买,AA,购买,42.06,78.12,1.40%,1.82%,2024/3/28,3.97,3.268,-6.33%,-6.84%,购买,2986.21,151.2,x
128088,深南转债,159.815,1.02%,深南电路?R,225.68,4.24%,15.31,149.25,151.21,5.69%,购买,AA,购买,104.47,194.03,2.00%,-,2025/12/24,5.712,15.2,-5.67%,-6.10%,购买,21652.53,165.5,x
113509,新泉转债,129.34,-0.51%,新泉股份,23.02,1.37%,3.06,18.89*,121.86,6.14%,购买,AA,购买,13.22,24.56,8.60%,49.34%,2024/6/3,4.153,4.497,-3.73%,-4.18%,购买,1316.96,135.48,x
123022,长信转债?!,164.299,0.68%,长信科技?R,9.6,0.21%,4.24,6.25,153.6,6.97%,购买,AA,购买,4.38,8.12,1.50%,15.63%,2025/3/18,4.942,3.472,-7.09%,-7.57%,购买,11009.84,171.27,x
123002,国祯转债,128,0.54%,国祯环保,10.27,0.00%,2.06,8.60*,119.42,7.18%,购买,AA,购买,6.02,11.18,6.00%,18.77%,2023/11/24,3.627,4.171,-4.21%,-4.68%,购买,991.42,135.18,x
113520,百合转债?!,134.2,-0.16%,梦百合,17.84,0.06%,2.88,14.28,124.93,7.42%,购买,AA-,购买,10,18.56,2.10%,10.74%,2024/11/8,4.586,1.265,-3.34%,-3.90%,购买,1313.56,141.62,x
128039,三力转债,125.097,-0.38%,三力士,6.8,1.34%,2.2,5.83*,116.64,7.25%,购买,AA-,购买,4.08,7.58,4.10%,0.72%,2024/6/7,4.164,2.027,-3.04%,-3.47%,购买,1054.42,132.35,x
113515,高能转债,130.52,1.71%,高能环境?R,11.33,0.62%,2.51,9.33,121.44,7.48%,购买,AA,购买,6.53,12.13,8.80%,29.54%,2024/7/26,4.299,6.749,-3.38%,-3.90%,购买,1812.21,138,x
113570,百达转债,115.88,-0.08%,百达精工,17.7,0.63%,2.98,16.39,107.99,7.31%,购买,A+,购买,11.47,21.31,12.30%,-,2026/3/10,5.921,2.8,-0.09%,-0.55%,购买,8756.17,123.19,x
113546,迪贝转债,117.88,3.97%,迪贝电气,20.17,9.98%,3.15,18.45,109.32,7.83%,购买,A+,购买,12.91,23.98,11.40%,-,2025/10/22,5.54,2.3,0.50%,-0.16%,购买,62793.06,125.71,x
128074,游族转债,137,2.46%,游族网络?R,21.55,4.26%,3.5,17.06,126.32,8.45%,购买,AA,购买,11.94,22.18,6.00%,6.97%,2025/9/23,5.46,11.499,-2.40%,-3.01%,购买,9491.76,145.45,w
113526,联泰转债,127.94,1.14%,联泰环保,10.22,1.09%,2.41,8.72,117.2,9.16%,购买,AA,购买,6.1,11.34,6.30%,0.02%,2025/1/22,4.792,2.071,-3.01%,-3.40%,购买,3767.02,137.1,x
113504,艾华转债,128.73,-0.22%,艾华集团?R,25.13,1.00%,4.29,21.43*,117.27,9.77%,购买,AA,购买,15,27.86,7.00%,20.97%,2024/3/1,3.896,6.909,-3.96%,-4.41%,购买,337.78,138.5,x
123038,联得转债,126.55,1.31%,联得装备,29.22,2.60%,6.55,25.39,115.08,9.97%,购买,A+,购买,20.06,33.01,4.80%,-,2025/12/24,5.712,2,-1.08%,-1.65%,购买,9439.84,136.52,x
113566,翔港转债,117.95,-1.89%,翔港科技,16.22,-2.58%,4.23,15.16,106.99,10.24%,购买,A+,购买,10.61,18.19,8.70%,-,2026/2/27,5.89,2,0.94%,0.24%,购买,6313.07,128.19,x
110062,烽火转债,143.94,0.55%,烽火通信?R,33.92,-0.96%,3.87,25.99,130.51,10.29%,购买,AAA,购买,18.19,33.79,7.80%,-,2025/12/1,5.649,30.88,-4.57%,-4.90%,购买,11081.99,154.23,x
128057,博彦转债,124.4,2.82%,博彦科技,9.93,5.19%,1.94,8.81,112.71,10.37%,购买,AA-,购买,6.17,11.45,10.20%,24.34%,2025/3/5,4.907,5.377,-1.25%,-1.85%,购买,7943.32,134.77,x
113028,环境转债,128,0.39%,上海环境,12.07,0.58%,1.66,10.44,115.61,10.72%,购买,AAA,购买,7.31,13.57,19.70%,0.29%,2025/6/17,5.192,21.687,-2.76%,-3.13%,购买,1304.61,138.72,x
128098,康弘转债,130.653,1.90%,康弘药业?R,41.79,4.87%,8.21,35.58,117.45,11.24%,购买,AA,购买,24.91,44.48,4.50%,-,2026/3/5,5.907,16.3,-1.99%,-2.46%,购买,20088.51,141.89,x
128097,奥佳转债,117.17,0.25%,奥佳华,11.46,0.70%,1.98,10.89,105.23,11.35%,购买,AA,购买,7.62,14.16,18.70%,-,2026/2/25,5.885,12,-0.28%,-0.74%,购买,10410.12,128.52,x
113554,仙鹤转债,124.9,0.97%,仙鹤股份,15.3,-0.39%,2.44,13.67,111.92,11.60%,购买,AA,购买,9.57,17.77,13.30%,-,2025/12/15,5.688,12.5,-0.97%,-1.52%,购买,1344.31,136.5,x
113565,宏辉转债,127.44,-2.04%,宏辉果蔬,16.64,1.46%,4.3,14.61,113.89,11.90%,购买,AA-,购买,10.23,18.99,8.90%,-,2026/2/25,5.885,3.32,-1.30%,-1.82%,购买,45224.39,139.34,x
123030,九洲转债,117,1.21%,九洲电气,5.96,3.11%,1.01,5.7,104.56,11.90%,购买,AA-,购买,3.99,7.41,15.10%,-,2025/8/19,5.364,3.079,0.56%,-0.10%,购买,8298.47,128.9,x
128080,顺丰转债,135.98,0.53%,顺丰控股?R,48.79,0.18%,5.08,40.41,120.74,12.62%,购买,AAA,购买,28.29,52.53,2.70%,-,2025/11/18,5.614,58,-3.87%,-4.16%,购买,4075.16,148.6,x
128069,华森转债,116.34,0.91%,华森制药,18.71,2.80%,7.25,18.08,103.48,12.43%,购买,AA-,购买,12.66,23.5,4.00%,0.09%,2025/6/24,5.211,2.999,0.69%,0.01%,购买,5060.76,128.77,x
128092,唐人转债,123.05,0.86%,唐人神?R,9.65,8.92%,2.34,8.86,108.92,12.97%,购买,AA,购买,6.2,11.52,15.40%,-,2025/12/30,5.729,12.4,-1.15%,-1.62%,购买,66979.67,136.02,x
113521,科森转债?!,130.1,0.31%,科森科技,10,0.20%,2.8,8.7,114.94,13.19%,购买,AA,购买,6.09,11.31,3.60%,26.81%,2024/11/16,4.608,1.696,-2.66%,-3.22%,购买,615.38,143.29,x
128050,钧达转债,118.062,-0.77%,钧达股份,15.59,-1.64%,2.05,14.93*,104.42,13.06%,购买,AA-,购买,10.45,19.41,17.00%,17.20%,2024/12/10,4.674,3.199,0.99%,0.14%,购买,3782.46,131.12,w
113571,博特转债,125.24,0.10%,苏博特,21.14,-0.19%,2.88,19.18,110.22,13.63%,购买,AA-,购买,13.43,24.93,10.60%,-,2026/3/11,5.923,6.97,-0.62%,-1.21%,购买,5172.17,138.87,x
128021,兄弟转债,124.132,0.34%,兄弟科技,5.75,2.68%,2.26,5.25*,109.52,13.34%,购买,AA,购买,3.67,6.83,9.70%,19.30%,2023/11/28,3.638,5.048,-3.37%,-3.85%,购买,8393.6,137.47,x
113567,君禾转债,115.18,0.07%,君禾股份,16.42,1.11%,3.96,16.2,101.36,13.63%,购买,A+,购买,11.34,21.06,9.00%,-,2026/3/3,5.901,2.1,0.61%,0.04%,购买,1562.35,128.81,x
110056,亨通转债,125.87,0.31%,亨通光电?R,17.29,0.00%,2.51,15.66*,110.41,14.00%,购买,AA+,购买,10.96,20.36,5.10%,18.33%,2025/3/19,4.945,17.106,-1.88%,-2.39%,购买,2868.07,139.87,x
128085,鸿达转债,112,-0.71%,鸿达兴业?R,3.9,0.00%,1.54,3.98,97.99,14.30%,购买,AA,购买,2.79,5.17,24.00%,-,2025/12/16,5.69,24.27,1.96%,1.22%,购买,6803.45,126.3,x
123025,精测转债,130.7,0.10%,精测电子?R,57.55,0.26%,10.14,50.25,114.53,14.12%,购买,AA-,购买,35.17,65.33,2.60%,7.62%,2025/3/28,4.97,3.669,-2.19%,-2.78%,购买,2735.94,144.82,x
123012,万顺转债,117.134,-1.24%,万顺新材,5.49,-0.18%,1.09,5.36,102.43,14.36%,购买,AA-,购买,3.75,6.97,3.50%,6.48%,2024/7/20,4.282,1.293,-1.30%,-1.76%,购买,2760.72,131.49,x
128025,特一转债,115.32,-0.15%,特一药业,15.58,0.26%,2.75,15.45*,100.84,14.36%,购买,AA-,购买,10.81,20.09,9.40%,2.69%,2023/12/6,3.66,2.991,-1.35%,-1.84%,购买,1049.46,129.68,x
123027,蓝晓转债,120.22,-0.06%,蓝晓科技,30.9,0.42%,5.28,29.58,104.46,15.09%,购买,A+,购买,20.71,38.45,3.90%,2.66%,2025/6/10,5.173,2.528,-0.04%,-0.70%,购买,286.56,135.31,x
113552,克来转债,125.5,0.59%,克来机电,30.34,1.47%,9.77,27.86,108.9,15.24%,购买,A+,购买,19.5,36.22,3.40%,-,2025/12/1,5.649,1.8,-1.03%,-1.59%,购买,516.24,140.74,x
127007,湖广转债,122.48,0.64%,湖北广电?R,5.95,2.94%,0.86,5.61*,106.06,15.48%,购买,AA+,购买,3.93,7.29,20.90%,15.69%,2024/6/28,4.222,12.186,-1.91%,-2.46%,购买,2310.05,137.96,x
128054,中宠转债,119.651,-0.31%,中宠股份,23.05,1.14%,4.71,22.28,103.46,15.65%,购买,A+,购买,15.6,28.96,4.90%,26.15%,2025/2/15,4.858,1.939,-0.79%,-1.34%,购买,834.47,135.3,w
113536,三星转债,115.8,-0.11%,三星新材,19.72,0.51%,2.79,19.75,99.85,15.97%,购买,AA,购买,13.82,25.68,10.80%,-,2025/5/30,5.142,1.915,-0.10%,-0.63%,购买,932.84,131.77,x
128066,亚泰转债,113.16,-0.04%,亚泰国际,14.42,0.63%,1.64,14.80*,97.43,16.14%,购买,AA-,购买,10.36,19.24,18.50%,-,2025/4/17,5.025,4.799,0.86%,0.22%,购买,492.44,129.3,x
128082,华锋转债,112.649,-0.36%,华锋股份,12.75,0.08%,1.78,13.17,96.81,16.36%,购买,A+,购买,9.22,17.12,15.70%,-,2025/12/3,5.655,3.52,1.46%,0.78%,购买,2170.08,129.01,x
128089,麦米转债,127.012,0.01%,麦格米特,22.14,-0.58%,5.51,20.31,109.01,16.51%,购买,AA-,购买,14.22,26.4,6.30%,-,2025/12/25,5.715,6.55,-2.02%,-2.42%,购买,1012.48,143.52,x
128081,海亮转债,111.3,-0.62%,海亮股份?R,9.38,-0.11%,2.16,9.83,95.42,16.64%,购买,AA,购买,6.88,12.78,17.20%,-,2025/11/21,5.622,31.5,0.63%,0.14%,购买,1616.44,127.94,x
110051,中天转债,124.77,1.16%,中天科技?R,10.86,0.28%,1.62,10.19,106.58,17.07%,购买,AA+,购买,7.13,13.25,11.90%,22.18%,2025/2/28,4.893,39.647,-1.88%,-2.37%,购买,10001.38,141.84,x
113553,金牌转债,122.6,0.19%,金牌厨柜,65.63,0.35%,4.23,62.69,104.69,17.11%,购买,AA-,购买,43.88,81.5,8.90%,-,2025/12/12,5.679,3.92,0.29%,-0.43%,购买,451.61,139.71,x
113019,玲珑转债,126.79,0.59%,玲珑轮胎?R,20.03,-1.14%,2.27,18.55,107.98,17.42%,购买,AA+,购买,12.98,24.11,8.30%,36.34%,2023/3/1,2.893,19.998,-4.09%,-4.83%,购买,1300.93,144.21,x
132018,G三峡EB1,110.52,-0.03%,长江电力?R,17.06,-0.87%,2.58,18.12,94.15,17.39%,购买,AAA,购买,12.68,21.74,5.30%,8.78%,2024/4/9,4,200,-0.12%,-0.58%,购买,1930.02,127.91,x
127013,创维转债,125,1.17%,创维数字?R,12.21,3.13%,3.45,11.49,106.27,17.62%,购买,AA,购买,8.04,14.94,7.50%,0.08%,2025/4/15,5.019,9.781,-1.11%,-1.74%,购买,2216.9,142.62,x
123040,乐普转债,141.9,1.21%,乐普医疗?R,39.02,2.68%,9.29,32.39,120.47,17.79%,购买,AA+,购买,22.67,42.11,1.10%,-,2025/1/2,4.737,7.5,-5.09%,-5.49%,购买,1514.52,159.69,x
113551,福特转债,126.21,0.41%,福斯特?R,43.8,0.21%,3.51,41.04,106.73,18.25%,购买,AA,购买,28.73,53.35,4.80%,-,2025/11/17,5.611,11,-1.63%,-2.10%,购买,610.61,144.46,x
128058,拓邦转债,123.89,0.11%,拓邦股份,5.82,2.11%,2.36,5.54,105.05,17.93%,购买,AA,购买,3.88,7.2,9.70%,41.81%,2025/3/7,4.912,5.727,-0.22%,-0.99%,购买,729.46,141.82,x
110057,现代转债,117.07,0.91%,现代制药,9.88,0.20%,1.34,9.99,98.9,18.37%,购买,AAA,购买,6.99,12.99,15.90%,0.04%,2025/3/31,4.978,16.158,-1.12%,-1.51%,购买,1853.41,135.44,x
123014,凯发转债,128.903,-3.30%,凯发电气,8.88,1.25%,2.09,8.14,109.09,18.16%,购买,A+,购买,5.7,10.58,4.30%,3.08%,2023/7/27,3.299,1.163,-5.00%,-5.47%,购买,18035.3,147.06,x
110052,贵广转债,120.59,0.32%,贵广网络?R,8.2,2.12%,1.84,8.04,101.99,18.24%,购买,AA+,购买,5.63,10.45,17.70%,24.41%,2025/3/5,4.907,15.266,-0.36%,-1.01%,购买,351.42,138.83,x
113514,威帝转债,125.76,-0.70%,威帝股份,5.14,0.19%,3.33,4.85,105.98,18.66%,购买,A+,购买,3.4,6.3,4.10%,2.67%,2023/7/20,3.279,0.959,-3.76%,-4.35%,购买,4076.49,144.42,x
128045,机电转债,126.701,0.00%,中航机电?R,8.15,1.88%,3.02,7.63,106.82,18.61%,购买,AAA,购买,5.34,9.92,7.10%,12.73%,2024/8/27,4.386,20.997,-3.27%,-3.67%,购买,788.72,145.31,x
128029,太阳转债,129.95,0.21%,太阳纸业?R,9.44,3.96%,1.75,8.65,109.13,19.08%,购买,AA+,购买,6.05,11.24,4.90%,16.34%,2022/12/22,2.704,11.979,-6.73%,-7.23%,购买,1557.25,149.03,x
128078,太极转债,143.3,0.70%,太极股份?R,38.08,0.85%,5.53,31.61,120.47,18.95%,购买,AA,购买,22.13,41.09,6.40%,-,2025/10/21,5.537,10,-3.61%,-4.13%,购买,2804.15,162.25,x
113544,桃李转债,128.69,0.83%,桃李面包?R,51.44,3.13%,9.4,47.54,108.2,18.94%,购买,AA,购买,33.28,61.8,3.00%,2.86%,2025/9/19,5.449,10,-2.03%,-2.52%,购买,4011.4,147.63,x
113547,索发转债,121.29,0.66%,索通发展,10.88,1.78%,1.47,10.67,101.97,18.95%,购买,AA,购买,7.47,13.87,25.80%,-,2025/10/23,5.542,9.45,-0.34%,-0.93%,购买,1192.67,140.24,x
113031,博威转债,124.6,0.31%,博威合金?R,12.01,0.17%,2.25,11.49,104.53,19.20%,购买,AA,购买,8.04,14.94,14.60%,-,2025/1/9,4.756,12,-2.37%,-2.79%,购买,1134.08,143.8,x
128059,视源转债,127.856,0.44%,视源股份,81.06,2.72%,11.36,75.72,107.05,19.44%,购买,AA,购买,53,98.44,1.80%,34.71%,2025/3/11,4.923,9.416,-2.36%,-2.85%,购买,782.64,147.3,x
128091,新天转债,153.079,-2.52%,新天药业,21.09,-0.28%,3.46,16.49,127.9,19.69%,购买,A+,购买,11.54,21.44,7.20%,-,2025/12/30,5.729,1.77,-4.25%,-4.81%,购买,60390.74,172.77,x
110034,九州转债,120.5,0.65%,九州通?R,18.44,1.54%,1.94,18.32,100.66,19.71%,购买,AA+,购买,12.82,23.82,4.30%,24.18%,2022/1/15,1.77,14.993,-5.26%,-6.20%,购买,1168.07,140.21,x
110044,广电转债?!,149.8,-0.73%,广电网络?R,8.63,1.53%,1.59,6.9,125.07,19.77%,购买,AA,购买,4.83,8.97,1.20%,1.52%,2024/6/27,4.219,0.715,-6.61%,-7.10%,购买,5865.89,169.57,x
128075,远东转债,116,0.81%,远东传动,5.59,0.54%,1.11,5.79,96.55,20.15%,购买,AA,购买,4.05,7.53,28.50%,0.27%,2025/9/23,5.46,8.936,-0.13%,-0.62%,购买,1828.41,136.15,x
123026,中环转债,113.67,-0.10%,中环环保,11.63,0.26%,2.28,12.31,94.48,20.31%,购买,AA-,购买,8.62,16,12.10%,-,2024/6/10,4.173,2.32,-0.56%,-1.04%,购买,284.64,133.98,w
128019,久立转2,117,0.20%,久立特材?R,7.69,0.00%,1.89,7.92,97.1,20.49%,购买,AA,购买,5.54,10.3,16.10%,32.98%,2023/11/8,3.584,10.397,-1.79%,-2.28%,购买,1283.41,137.49,x
128051,光华转债,114.72,-0.24%,光华科技,12.09,0.50%,3.56,12.72*,95.05,20.69%,购买,AA-,购买,8.9,16.54,5.50%,28.50%,2024/12/14,4.685,2.492,0.15%,-0.44%,购买,2011.07,135.41,x
110063,鹰19转债,115.54,0.65%,山鹰纸业?R,3.15,2.61%,1.02,3.3,95.45,21.05%,购买,AA+,购买,2.31,4.29,12.80%,-,2025/12/12,5.679,18.6,0.10%,-0.40%,购买,1072.69,136.59,x
113541,荣晟转债,111.43,-0.12%,荣晟环保,17.18,0.17%,2.13,18.72,91.77,21.42%,购买,AA-,购买,13.1,24.34,10.80%,-,2025/7/22,5.288,3.3,0.70%,0.17%,购买,345.57,132.85,x
113030,东风转债,116.24,-0.12%,东风股份?R,6.58,-0.75%,2.14,6.9,95.36,21.90%,购买,AA,购买,4.83,8.97,3.40%,-,2025/12/23,5.71,2.95,0.16%,-0.37%,购买,506.71,138.14,x
128053,尚荣转债,231.61,-4.33%,尚荣医疗,9.31,-0.11%,3.25,4.89,190.39,21.65%,购买,AA,购买,3.42,6.36,2.50%,10.87%,2025/2/14,4.855,1.912,-13.64%,-14.07%,购买,160565.32,253.26,x
113556,至纯转债,129.52,-1.88%,至纯科技,31.31,-1.85%,5.93,29.47,106.24,21.91%,购买,A+,购买,20.63,38.31,4.40%,-,2025/12/19,5.699,3.56,-0.38%,-1.14%,购买,1926.94,151.43,x
128084,木森转债,119.22,-0.48%,木林森?R,12.64,-2.02%,1.62,12.95,97.61,22.14%,购买,AA,购买,9.06,16.84,16.50%,-,2025/12/16,5.69,26.6,-0.29%,-0.82%,购买,2470.54,141.36,x
110048,福能转债,117.8,0.17%,福能股份?R,8.19,0.12%,1.02,8.48,96.58,21.97%,购买,AA+,购买,5.94,11.02,22.30%,19.75%,2024/12/6,4.663,28.3,-0.73%,-1.26%,购买,203.35,139.77,x
113568,新春转债,111.91,-0.29%,五洲新春,8.32,0.12%,1.42,9.08,91.63,22.13%,购买,AA-,购买,6.36,11.8,13.60%,-,2026/3/5,5.907,3.3,1.90%,1.19%,购买,4570.98,134.04,x
128063,未来转债,115.67,-0.28%,德尔未来?R,8.21,-1.08%,3,8.67,94.69,22.16%,购买,AA-,购买,6.07,11.27,11.50%,-,2025/4/3,4.986,6.299,2.14%,1.19%,购买,1973.21,137.83,x
110058,永鼎转债,114.05,0.06%,永鼎股份?R,4.77,1.27%,2.14,5.10*,93.53,21.94%,购买,AA,购买,3.57,6.63,16.50%,0.03%,2025/4/15,5.019,9.794,0.22%,-0.32%,购买,536.35,135.99,x
128048,张行转债,118.57,0.91%,张家港行?R,5.72,0.00%,1,5.91,96.79,22.50%,购买,AA+,购买,-,7.68,24.20%,19.65%,2024/11/12,4.597,24.997,-0.89%,-1.42%,购买,1422.57,141.07,x
128067,一心转债,124.191,0.82%,一心堂?R,27.6,2.64%,3.41,27.28,101.17,22.75%,购买,AA,购买,19.1,35.46,3.80%,0.40%,2025/4/19,5.03,6.026,-1.86%,-2.32%,购买,11314.54,146.94,x
113518,顾家转债,124,1.62%,顾家家居?R,36.88,-0.46%,4.09,36.57,100.85,22.95%,购买,AA,购买,29.26,47.54,4.90%,25.73%,2024/9/11,4.427,10.97,-1.74%,-2.33%,购买,418.04,146.95,x
113543,欧派转债,124.01,0.63%,欧派家居?R,102.4,1.84%,4.76,101.46,100.93,22.87%,购买,AA,购买,71.02,131.9,3.50%,13.37%,2025/8/15,5.353,14.949,-1.38%,-1.88%,购买,253.03,146.88,x
127008,特发转债,221.011,-3.21%,特发信息?R,10.08,1.20%,3.08,5.61,179.68,23.00%,购买,AA,购买,3.93,7.29,0.70%,0.02%,2023/11/16,3.605,0.598,-17.54%,-17.98%,购买,22965.04,244.01,x
113008,电气转债,112.89,0.10%,上海电气?R,4.69,0.00%,1.15,5.13*,91.42,23.49%,购买,AAA,购买,3.59,6.67,6.30%,16.52%,2021/2/2,0.819,44.682,-6.80%,-8.23%,购买,1258.09,136.38,x
113549,白电转债,116.3,1.12%,白云电器,8.45,1.56%,1.64,8.99,93.99,23.74%,购买,AA,购买,6.29,11.69,23.00%,-,2025/11/14,5.603,8.8,-0.19%,-0.67%,购买,1611.95,140.04,x
110047,山鹰转债,116.67,0.84%,山鹰纸业?R,3.15,2.61%,1.02,3.34,94.31,23.71%,购买,AA+,购买,2.34,4.34,15.90%,23.57%,2024/11/21,4.622,22.993,0.27%,-0.42%,购买,2444.88,140.38,x
123043,正元转债,119.999,0.84%,正元智慧,14.96,2.05%,3.26,15.47,96.7,24.09%,购买,A+,购买,10.83,20.11,9.20%,-,2026/3/4,5.904,1.75,0.20%,-0.42%,购买,6093.68,144.09,x
110060,天路转债,120.14,0.77%,西藏天路?R,6.99,-0.43%,1.78,7.24,96.55,24.43%,购买,AA,购买,5.07,9.41,18.00%,-,2025/10/27,5.553,10.87,-0.75%,-1.24%,购买,1651.44,144.57,x
113572,三祥转债,112.1,12.10%,三祥新材,12.89,-0.69%,4.64,14.29,90.2,24.28%,购买,A+,购买,10,18.58,8.40%,-,2026/3/11,5.923,2.05,0.17%,-0.24%,购买,14801.33,136.38,x
110066,盛屯转债,107.46,0.08%,盛屯矿业?R,4.25,-0.47%,1.1,4.92,86.38,24.40%,购买,AA,购买,3.44,6.4,24.30%,-,2026/3/2,5.899,23.86,1.22%,0.75%,购买,9899.67,131.86,x
128049,华源转债,109.95,0.86%,华源控股,6.64,1.22%,1.37,7.52,88.3,24.52%,购买,AA-,购买,5.26,9.78,19.40%,7.04%,2024/11/27,4.638,3.999,1.03%,0.44%,购买,452.82,134.47,x
128034,江银转债,112.499,1.34%,江阴银行,4.22,-0.24%,0.78,4.68**,90.17,24.76%,购买,AA+,购买,-,6.08,19.20%,12.43%,2024/1/26,3.8,17.582,-0.81%,-1.26%,购买,6400.12,137.26,x
132021,19中电EBQ,125.1,0.40%,中国软件?R,74.42,0.24%,19.11,74.25,100.23,25.00%,购买,AAA,购买,51.98,96.53,5.70%,-,2022/11/28,2.638,21,-5.67%,-6.16%,购买,674.84,150.1,x
113025,明泰转债,114.5,0.35%,明泰铝业,10.35,-0.48%,0.91,11.3,91.59,25.01%,购买,AA,购买,7.91,14.69,28.80%,4.02%,2025/4/9,5,18.388,0.11%,-0.43%,购买,217.74,139.51,x
123042,银河转债,114.432,-0.52%,金银河,22.39,0.40%,3.41,24.46,91.54,25.01%,购买,A+,购买,17.12,31.8,10.00%,-,2026/1/13,5.767,1.67,0.23%,-0.27%,购买,1528.28,139.44,x
113564,天目转债,124.55,2.29%,天目湖,23.73,4.08%,3.08,23.8,99.71,24.91%,购买,AA-,购买,16.66,30.94,10.90%,-,2026/2/27,5.89,3,0.30%,-0.45%,购买,2891.8,149.46,x
128040,华通转债,116.011,0.46%,华通医药,10.53,0.86%,3.31,11.37,92.61,25.27%,购买,AA-,购买,7.96,14.78,10.00%,0.50%,2024/6/13,4.181,2.223,-0.66%,-1.22%,购买,1094.07,141.28,w
113020,桐昆转债,119.3,-0.08%,桐昆股份?R,11.86,-0.25%,1.18,12.51,94.8,25.84%,购买,AA+,购买,8.76,16.26,15.90%,27.54%,2024/11/19,4.616,34.747,-1.23%,-1.72%,购买,1524.39,145.14,x
110042,航电转债,120.13,0.10%,中航电子?R,13.5,0.07%,3.03,14.18,95.2,26.19%,购买,AAA,购买,9.93,18.43,10.10%,22.65%,2023/12/24,3.71,23.947,-2.56%,-3.01%,购买,48.52,146.32,x
110033,国贸转债,112.76,0.74%,厦门国贸?R,6.62,4.25%,0.5,7.42*,89.22,26.38%,购买,AAA,购买,5.19,9.65,9.90%,10.96%,2022/1/5,1.742,12.118,-1.58%,-2.59%,购买,3627.94,139.14,x
113557,森特转债,112.4,0.16%,森特股份,9.13,-0.76%,2.19,10.26,88.99,26.31%,购买,AA-,购买,7.18,13.34,13.70%,-,2025/12/18,5.696,6,1.28%,0.65%,购买,417.91,138.71,x
128093,百川转债,113.37,-0.90%,百川股份,5.38,-0.37%,2.09,6,89.67,26.43%,购买,AA-,购买,4.2,7.8,18.70%,-,2026/1/3,5.74,5.2,2.54%,1.65%,购买,2773.32,139.8,x
110061,川投转债,118.6,0.31%,川投能源?R,9.3,-0.43%,1.57,9.92,93.75,26.51%,购买,AAA,购买,6.94,12.9,9.80%,-,2025/11/10,5.592,40,-1.20%,-1.55%,购买,1696.82,145.11,x
123032,万里转债,115.251,-0.58%,万里马,6.28,2.11%,3.88,6.92,90.75,27.00%,购买,A+,购买,4.84,9,9.20%,-,2025/10/10,5.507,1.8,2.71%,1.72%,购买,24047.32,142.25,x
113534,鼎胜转债,116.9,-0.44%,鼎胜新材,14.07,0.36%,1.62,15.28*,92.08,26.95%,购买,AA,购买,10.7,19.86,19.60%,0.14%,2025/4/8,5,11.986,-0.35%,-0.88%,购买,534.21,143.85,x
113558,日月转债,119.3,0.62%,日月股份,18.48,-0.43%,3.05,19.68,93.9,27.05%,购买,AA,购买,13.78,25.58,12.20%,-,2025/12/22,5.707,12,-0.61%,-1.08%,购买,156.68,146.35,x
128073,哈尔转债,109.904,-0.89%,哈尔斯,5.02,2.24%,2.22,5.8,86.55,26.98%,购买,AA-,购买,4.06,7.54,14.60%,1.37%,2024/8/22,4.373,2.999,1.20%,0.55%,购买,12056.24,136.88,x
113537,文灿转债,115.96,0.77%,文灿股份,18.11,0.72%,1.85,19.93,90.87,27.61%,购买,AA-,购买,13.95,25.91,13.60%,0.55%,2025/6/9,5.17,5.69,1.01%,0.28%,购买,552.41,143.57,x
110041,蒙电转债,115.07,0.10%,内蒙华电?R,2.55,0.79%,1.06,2.82,90.43,27.25%,购买,AAA,购买,1.97,3.67,12.60%,23.08%,2023/12/21,3.701,18.729,-1.16%,-1.67%,购买,217.27,142.32,x
123041,东财转2,141.39,1.13%,东方财富?R,17.49,4.48%,5.65,15.78,110.84,27.56%,购买,AA+,购买,11.05,20.51,6.20%,-,2026/1/12,5.764,73,-4.23%,-4.54%,购买,60212.17,168.95,x
128076,金轮转债,109.334,-0.17%,金轮股份,12.79,1.03%,1.19,14.96,85.49,27.89%,购买,AA-,购买,10.47,19.45,9.50%,-,2025/10/14,5.518,2.14,0.99%,0.48%,购买,990.14,137.22,x
123010,博世转债,117.947,1.06%,博世科,11.4,0.80%,2.32,12.38*,92.08,28.09%,购买,AA-,购买,8.67,16.09,10.60%,28.27%,2024/7/5,4.241,4.297,-1.05%,-1.59%,购买,135.21,146.04,x
123031,晶瑞转债,249.501,-4.78%,晶瑞股份,34.91,-2.08%,11.1,17.94,194.59,28.22%,购买,A+,购买,12.56,23.32,1.20%,-,2025/8/28,5.389,0.75,-13.41%,-13.84%,购买,39585.25,277.72,x
128070,智能转债,110.166,0.09%,智能自控,8.16,1.49%,3.71,9.55,85.45,28.92%,购买,A+,购买,-,12.41,8.50%,-,2025/7/2,5.233,2.298,1.37%,0.75%,购买,6148.3,139.09,x
128096,奥瑞转债,113.02,0.01%,奥瑞金?R,4.11,0.24%,1.66,4.7,87.45,29.24%,购买,AA+,购买,3.29,6.11,11.20%,-,2026/2/11,5.847,10.87,0.46%,-0.03%,购买,1353.83,142.26,x
113563,柳药转债,120.2,1.20%,柳药股份?R,32.43,2.24%,2,34.94,92.82,29.50%,购买,AA,购买,24.46,45.42,9.50%,-,2026/1/15,5.773,8.02,-1.05%,-1.46%,购买,1017.58,149.7,x
128028,赣锋转债,129.64,0.61%,赣锋锂业?R,42.11,-1.38%,6.71,42.28,99.6,30.16%,购买,AA,购买,29.6,54.96,1.70%,19.67%,2023/12/21,3.701,9.184,-4.57%,-5.00%,购买,7523.55,159.8,w
113505,杭电转债,109.78,0.08%,杭电股份?R,6.08,1.67%,1.61,7.24,83.98,30.72%,购买,AA,购买,5.07,9.41,17.80%,14.55%,2024/3/5,3.907,7.499,0.59%,0.01%,购买,1803.8,140.5,x
113011,光大转债,117.91,0.45%,光大银行?R,3.59,-0.28%,0.49,3.97,90.43,30.39%,购买,AAA,购买,-,5.16,15.90%,15.03%,2023/3/17,2.937,300,-2.90%,-3.40%,购买,13326.31,148.3,x
110067,华安转债,116.73,16.73%,华安证券?R,7.83,2.76%,2.14,8.77,89.28,30.75%,购买,AA+,购买,-,11.4,9.90%,-,2026/3/11,5.923,28,-0.93%,-1.25%,购买,350864.93,147.48,x
113027,华钰转债,109.42,0.05%,华钰矿业?R,8.46,-0.47%,2.08,10.17,83.19,31.53%,购买,AA,购买,7.12,13.22,14.40%,0.75%,2025/6/13,5.181,6.399,1.02%,0.49%,购买,1411.33,140.95,x
128083,新北转债,122.06,0.06%,新北洋?R,11.08,0.73%,2.25,11.9,93.11,31.09%,购买,AA,购买,8.33,15.47,11.90%,-,2025/12/12,5.679,8.77,-1.03%,-1.50%,购买,482.75,153.15,x
128064,司尔转债,109.78,0.46%,司尔特?R,5.14,-1.34%,0.96,6.15,83.58,31.35%,购买,AA,购买,4.3,8,21.70%,0.15%,2025/4/8,5,7.999,0.93%,0.39%,购买,1366.46,141.13,x
113542,好客转债,112.66,0.05%,好莱客,14.28,0.49%,1.75,16.62,85.92,31.12%,购买,AA,购买,11.63,21.61,14.20%,3.36%,2025/7/31,5.312,6.299,0.45%,-0.07%,购买,74.9,143.78,x
113561,正裕转债,110.71,-1.04%,正裕工业,11.99,0.08%,2.25,14.21,84.38,31.20%,购买,A+,购买,9.95,18.47,15.60%,-,2025/12/30,5.729,2.9,1.22%,0.65%,购买,347.84,141.91,x
123028,清水转债,111.9,-0.01%,清水源,10.18,0.00%,1.38,11.95,85.19,31.35%,购买,AA-,购买,8.37,15.54,22.00%,0.23%,2025/6/18,5.195,4.898,1.79%,1.04%,购买,267.64,143.25,x
110065,淮矿转债,111.08,-0.01%,淮北矿业,8.38,0.12%,0.96,9.93,84.39,31.63%,购买,AAA,购买,6.95,12.91,15.10%,-,2025/12/22,5.707,27.58,-0.01%,-0.37%,购买,462.44,142.71,x
113545,金能转债,111.11,0.92%,金能科技?R,9.63,1.05%,1.19,11.4,84.47,31.54%,购买,AA,购买,7.98,14.82,23.00%,-,2025/10/13,5.515,15,0.69%,0.19%,购买,595.27,142.65,x
110038,济川转债,116.39,0.08%,济川药业?R,22.4,-0.58%,2.99,25.50*,87.84,32.50%,购买,AA,购买,12.75,31.88,3.50%,15.22%,2022/11/12,2.595,6.307,-2.77%,-3.34%,购买,69.21,148.89,x
110031,航信转债,120.08,1.23%,航天信息?R,19.69,0.36%,3.17,21.79*,90.36,32.89%,购买,AAA,购买,15.25,28.33,6.50%,20.05%,2021/6/12,1.175,23.99,-8.36%,-9.58%,购买,315.87,152.97,x
120003,19华菱EBQ,107.9,0.46%,华菱钢铁?R,4,0.50%,0.87,4.93,81.14,32.98%,购买,AAA,购买,3.45,6.41,8.20%,-,2024/11/25,4.633,20,1.22%,0.66%,购买,24.16,140.88,x
123035,利德转债,123.682,0.88%,利亚德?R,6.52,0.15%,1.99,7.04,92.61,33.55%,购买,AA+,购买,4.93,9.15,4.80%,-,2025/11/13,5.6,8,-1.22%,-1.71%,购买,681.48,157.23,x
128100,搜特转债,107.4,7.40%,搜于特?R,4.3,-4.44%,2.39,5.36,80.22,33.88%,购买,AA,购买,3.75,6.97,6.00%,-,2026/3/11,5.923,8,1.53%,1.00%,购买,189417.86,141.28,x
127014,北方转债,113,0.37%,北方国际,7.46,1.08%,1.25,8.84,84.39,33.90%,购买,AA+,购买,6.19,11.49,10.10%,-,2025/10/23,5.542,5.78,0.42%,-0.09%,购买,173.53,146.9,x
128041,盛路转债,158.101,-3.06%,盛路通信?R,8.08,1.25%,1.98,6.85,117.96,34.03%,购买,AA,购买,4.79,8.9,0.70%,0.33%,2024/7/16,4.271,0.535,-7.32%,-7.88%,购买,20931.59,192.13,x
113559,永创转债,112.79,-0.61%,永创智能,8.72,0.46%,2.9,10.39,83.93,34.39%,购买,AA-,购买,7.27,13.51,13.40%,-,2025/12/22,5.707,5.12,0.95%,0.37%,购买,676.97,147.18,x
110064,建工转债,115.55,0.03%,重庆建工,3.99,-0.75%,0.94,4.65,85.81,34.66%,购买,AA+,购买,3.25,6.04,22.90%,-,2025/12/19,5.699,16.6,0.71%,0.09%,购买,837.4,150.21,x
123017,寒锐转债,119.642,0.63%,寒锐钴业?R,51.04,-1.81%,7.73,57.49,88.78,34.76%,购买,AA-,购买,40.24,74.74,2.90%,55.12%,2024/11/20,4.619,4.028,-1.68%,-2.10%,购买,7532.27,154.4,w
132014,18中化EBQ,107.6,-0.36%,中国化学?R,6.06,0.17%,0.86,7.54,80.37,34.96%,购买,AAA,购买,5.28,9.8,11.70%,24.79%,2023/4/24,3.041,35,0.35%,-0.24%,购买,1781.36,142.56,x
128065,雅化转债,117.65,-0.73%,雅化集团?R,7.78,-1.02%,2.57,8.96,86.83,35.49%,购买,AA,购买,6.27,11.65,10.70%,0.11%,2025/4/16,5.022,7.995,-1.12%,-1.53%,购买,1192.7,153.14,x
128017,金禾转债,121.999,1.65%,金禾实业?R,20.66,1.97%,2.58,22.96,89.98,35.58%,购买,AA,购买,16.07,29.85,5.20%,7.78%,2023/11/1,3.564,5.998,-2.96%,-3.45%,购买,754.13,157.58,x
127003,海印转债,108.7,0.60%,海印股份?R,2.41,0.42%,1.46,3.01**,80.07,35.76%,购买,AA,购买,2.11,3.91,17.50%,1.02%,2022/6/8,2.164,9.415,1.97%,0.83%,购买,950.28,144.46,x
123015,蓝盾转债,114.03,-1.60%,蓝盾股份?R,4.85,0.62%,1.23,5.79*,83.77,36.12%,购买,AA,购买,4.05,7.53,1.70%,1.57%,2024/8/13,4.348,1.004,-0.23%,-0.77%,购买,3319.76,150.15,x
127005,长证转债,119.98,0.07%,长江证券?R,6.55,1.24%,1.3,7.43,88.16,36.09%,购买,AAA,购买,-,9.66,13.80%,25.01%,2024/3/12,3.926,49.992,-2.39%,-2.81%,购买,4146.7,156.07,x
113569,科达转债,113.05,0.04%,苏州科达?R,12.26,3.81%,3.48,14.88,82.39,37.21%,购买,AA-,购买,10.42,19.34,8.40%,-,2026/3/9,5.918,5.16,1.13%,0.53%,购买,13538.67,150.26,x
128056,今飞转债,107.45,-0.92%,今飞凯达,5.3,-0.93%,1.91,6.78,78.17,37.46%,购买,A+,购买,4.75,8.81,18.40%,15.67%,2025/2/28,4.893,3.678,2.51%,1.75%,购买,12700.92,144.91,w
128042,凯中转债,111.188,0.18%,凯中精密,10.5,0.86%,2.35,13.01,80.71,37.76%,购买,AA,购买,9.11,16.91,13.70%,15.53%,2024/7/30,4.31,4.158,1.19%,0.49%,购买,358.56,148.95,x
113032,桐20转债,112.4,0.18%,桐昆股份?R,11.86,-0.25%,1.18,14.58,81.34,38.19%,购买,AA+,购买,10.21,18.95,10.50%,-,2026/2/27,5.89,23,0.11%,-0.30%,购买,1892.58,150.59,x
123004,铁汉转债,109.2,2.00%,铁汉生态?R,3.14,2.28%,1.14,3.98*,78.89,38.42%,购买,AA,购买,2.79,5.17,11.30%,15.11%,2023/12/18,3.693,8.332,0.15%,-0.34%,购买,659.01,147.62,x
123039,开润转债,113.06,0.14%,开润股份,27.17,1.68%,7.59,33.34,81.49,38.74%,购买,A+,购买,23.34,43.34,3.80%,-,2025/12/25,5.715,2.23,1.30%,0.64%,购买,138.71,151.8,x
113516,苏农转债,109.56,0.79%,苏农银行?R,4.47,0.22%,0.71,5.67,78.84,38.96%,购买,AA+,购买,-,7.37,16.00%,7.57%,2024/8/1,4.315,12.887,1.18%,0.54%,购买,1331.01,148.52,x
128044,岭南转债,109.634,-0.06%,岭南股份,4.66,0.00%,1.51,5.92*,78.72,39.27%,购买,AA,购买,4.14,7.7,9.20%,23.22%,2024/8/14,4.351,6.593,0.46%,-0.04%,购买,192.22,148.9,x
113013,国君转债,120.02,0.27%,国泰君安?R,16.71,0.42%,1.08,19.4,86.13,39.35%,购买,AAA,购买,-,25.22,4.70%,18.15%,2023/7/6,3.241,70,-2.91%,-3.42%,购买,2977.57,159.37,x
128071,合兴转债,109.156,0.10%,合兴包装,3.41,0.29%,1.35,4.38,77.85,40.21%,购买,AA,购买,3.07,5.69,14.90%,0.36%,2025/8/15,5.353,5.957,1.01%,0.50%,购买,976.29,149.37,x
128036,金农转债,146.699,-4.86%,金新农?R,10.04,0.90%,2.53,9.62,104.37,40.56%,购买,AA-,购买,6.73,12.51,3.40%,4.16%,2024/3/9,3.918,1.469,-7.13%,-7.57%,购买,101085.44,187.26,x
113029,明阳转债,113.75,0.57%,明阳智能?R,10.21,-0.39%,2.3,12.66,80.65,41.04%,购买,AA,购买,8.86,16.46,12.10%,-,2025/12/16,5.69,17,-0.07%,-0.49%,购买,1224.88,154.79,x
113022,浙商转债,116.85,0.12%,浙商证券?R,10.33,1.77%,2.32,12.46,82.91,40.94%,购买,AAA,购买,-,16.2,10.20%,12.96%,2025/3/12,4.926,35,-1.28%,-1.64%,购买,4070.41,157.79,x
113535,大业转债,105.5,0.07%,大业股份,9.4,0.43%,1.6,12.56,74.84,40.97%,购买,AA,购买,8.79,16.33,18.30%,-,2024/5/8,4.082,5,1.83%,1.22%,购买,1204.73,146.47,x
123036,先导转债,135.527,0.03%,先导智能?R,37.66,-0.89%,8.63,39.15,96.19,40.90%,购买,AA,购买,27.41,50.9,3.00%,-,2025/12/10,5.674,10,-2.88%,-3.34%,购买,1239.98,176.43,x
127006,敖东转债,109.469,0.43%,吉林敖东?R,15.99,0.19%,0.84,20.62,77.55,41.16%,购买,AA+,购买,14.43,26.81,12.90%,17.23%,2024/3/13,3.929,24.075,-0.35%,-0.73%,购买,469.88,150.63,x
120004,20华菱EBQ,105.04,-0.01%,华菱钢铁?R,4,0.50%,0.87,5.38,74.35,41.28%,购买,AAA,购买,3.77,6.99,6.10%,-,2025/1/9,4.756,15,1.77%,1.22%,购买,651.6,146.32,x
127012,招路转债,109.399,0.17%,招商公路,7.03,0.43%,0.9,9.09,77.34,41.45%,购买,AAA,购买,6.36,11.82,11.50%,11.84%,2025/3/21,4.951,49.999,-0.23%,-0.54%,购买,2990.56,150.85,x
113532,海环转债,107.73,0.11%,海峡环保,5.87,0.17%,1.61,7.75,75.74,42.24%,购买,AA,购买,5.42,10.07,17.40%,0.18%,2025/4/1,4.981,4.6,0.96%,0.48%,购买,151.36,149.97,x
110043,无锡转债,110.02,1.63%,无锡银行,5.05,0.00%,0.8,6.52*,77.45,42.05%,购买,AA+,购买,-,8.48,32.10%,18.60%,2024/1/30,3.811,29.991,-0.17%,-0.63%,购买,19020.33,152.07,x
110053,苏银转债,113,0.36%,江苏银行?R,6.01,0.17%,0.53,7.56,79.5,42.14%,购买,AAA,购买,-,9.83,28.80%,19.43%,2025/3/13,4.929,200,1.10%,0.41%,购买,5675.63,155.14,x
113017,吉视转债,105.9,-0.14%,吉视传媒?R,2.18,3.32%,0.96,2.95,73.9,43.30%,购买,AA+,购买,2.06,3.83,23.00%,16.17%,2023/12/27,3.718,15.591,0.99%,0.50%,购买,5096.33,149.2,x
127011,中鼎转2,112.407,-0.53%,中鼎股份?R,9.28,0.00%,1.29,11.79,78.71,42.81%,购买,AA+,购买,8.25,15.33,10.60%,31.36%,2025/3/8,4.915,11.999,0.51%,-0.04%,购买,26635.25,155.22,x
132005,15国资EB,110.5,-0.23%,中国太保?R,27.61,0.36%,1.4,35.66,77.43,43.46%,购买,AAA,购买,-,-,0.80%,17.63%,2020/12/8,0.666,20,-2.54%,-5.03%,购买,119.05,153.96,x
123033,金力转债,112.001,-0.33%,金力永磁,31.9,-1.48%,9.91,41.2,77.43,44.65%,购买,AA-,购买,28.84,53.56,3.30%,-,2025/10/31,5.564,4.35,1.58%,0.89%,购买,3113.33,156.65,x
110055,伊力转债,110.78,0.29%,伊力特?R,13.18,0.15%,2.12,17.25,76.41,44.98%,购买,AA,购买,12.07,22.43,15.30%,21.88%,2025/3/15,4.934,8.759,0.78%,0.23%,购买,161.5,155.76,x
128046,利尔转债,115.862,0.14%,利尔化学?R,14.87,0.68%,2.32,18.62,79.86,45.08%,购买,AA,购买,13.03,24.21,10.90%,19.75%,2024/10/17,4.526,8.519,-0.58%,-1.09%,购买,410.97,160.94,x
113524,奇精转债,107.99,0.26%,奇精机械,10.81,2.66%,1.96,14.56,74.24,45.46%,购买,AA,购买,10.19,18.93,15.80%,4.48%,2024/12/14,4.685,3.3,1.93%,1.24%,购买,244.38,153.45,x
113525,台华转债,107.45,-0.29%,台华新材,5.99,-0.17%,1.73,8.11,73.86,45.48%,购买,AA,购买,5.68,10.54,11.60%,17.31%,2024/12/16,4.69,5.329,1.47%,0.89%,购买,203.13,152.93,x
128018,时达转债,106.7,0.37%,新时达,5.41,0.93%,1.26,7.45*,72.62,46.93%,购买,AA,购买,5.21,9.69,26.30%,13.46%,2023/11/6,3.578,8.822,0.95%,0.41%,购买,348.88,153.63,x
113519,长久转债,112.18,0.66%,长久物流,9.05,2.61%,1.93,11.85,76.37,46.89%,购买,AA,购买,8.29,15.4,13.70%,25.98%,2024/11/7,4.584,6.969,1.53%,0.76%,购买,1179.53,159.07,x
113026,核能转债,106.58,0.06%,中国核电?R,4.48,-0.22%,1.42,6.2,72.26,47.50%,购买,AAA,购买,4.34,8.06,11.20%,2.18%,2025/4/14,5.016,78,0.64%,0.27%,购买,1675,154.08,x
123023,迪森转债,104.598,0.14%,迪森股份,5.06,0.60%,1.18,7.19,70.38,48.62%,购买,AA,购买,5.03,9.35,32.70%,22.41%,2025/3/20,4.948,6,1.95%,1.40%,购买,414.34,153.22,x
113562,璞泰转债,119.27,0.05%,璞泰来?R,66.4,0.15%,8.48,83.18,79.83,49.40%,购买,AA,购买,58.23,108.13,3.00%,-,2025/1/2,4.737,8.7,-1.09%,-1.59%,购买,1125.5,168.67,x
128033,迪龙转债,105.956,0.23%,雪迪龙,6.33,0.80%,1.79,8.93*,70.88,49.49%,购买,AA,购买,6.25,11.61,13.60%,25.69%,2023/12/27,3.718,5.198,0.98%,0.48%,购买,341.62,155.45,x
123007,道氏转债,111.1,0.09%,道氏技术,11.14,-0.62%,2.13,15.05*,74.02,50.09%,购买,AA-,购买,10.54,19.57,5.90%,22.70%,2023/12/28,3.721,3.041,0.05%,-0.51%,购买,124.82,161.19,w
113528,长城转债,106.42,0.01%,长城科技,17.03,0.06%,1.62,24.03,70.87,50.16%,购买,AA-,购买,16.82,31.24,20.90%,28.82%,2025/3/1,4.896,6.339,2.11%,1.46%,购买,1635.64,156.58,x
128015,久其转债,105.279,-0.12%,久其软件,6.64,3.43%,4.25,9.48*,70.04,50.31%,购买,A+,购买,6.64,12.32,16.50%,17.40%,2023/6/8,3.164,7.796,1.96%,1.25%,购买,1364.86,155.59,w
123011,德尔转债,108.101,-0.14%,德尔股份,24.9,0.93%,1.4,34.66,71.84,50.47%,购买,AA-,购买,24.26,45.06,8.80%,25.35%,2024/7/18,4.277,2.508,1.93%,1.21%,购买,254.6,158.57,x
128026,众兴转债,103.035,-0.06%,众兴菌业,7.9,0.89%,1.11,11.54,68.46,50.50%,购买,AA-,购买,8.08,15,31.70%,10.68%,2023/12/13,3.679,9.195,1.91%,1.37%,购买,4277.95,153.53,x
113527,维格转债,101.63,-0.56%,锦泓集团,7.05,-0.42%,0.7,10.52,67.02,51.64%,购买,AA,购买,7.36,13.68,41.90%,3.85%,2025/1/23,4.795,7.458,3.63%,2.87%,购买,1001.5,153.27,x
113021,中信转债,109.81,-0.08%,中信银行?R,5.15,-0.19%,0.49,7.22,71.33,53.95%,购买,AAA,购买,-,9.39,15.90%,3.76%,2025/3/3,4.901,400,1.66%,0.98%,购买,4029.5,163.76,x
113530,大丰转债,108.31,-0.31%,大丰实业,11.77,0.94%,2.4,16.76,70.23,54.22%,购买,AA,购买,11.73,21.79,13.30%,0.50%,2025/3/26,4.964,6.299,2.40%,1.64%,购买,1180.38,162.53,x
110059,浦发转债,107.02,-0.07%,浦发银行?R,10.22,-0.20%,0.56,15.05,67.91,57.59%,购买,AAA,购买,-,19.57,16.70%,-,2025/10/27,5.553,500,1.79%,1.21%,购买,16188,164.61,x
113009,广汽转债,114.41,0.47%,广汽集团?R,10.41,1.26%,1.33,14.41,72.24,58.37%,购买,AAA,购买,10.09,18.73,2.40%,10.79%,2022/1/22,1.789,25.526,-3.45%,-4.20%,购买,382.4,172.78,x
128095,恩捷转债,119.829,-0.39%,恩捷股份?R,48.77,-0.47%,8.63,64.61,75.48,58.76%,购买,AA,购买,45.23,83.99,4.10%,-,2026/2/11,5.847,16,-0.67%,-1.13%,购买,1636.45,178.59,x
113508,新凤转债,107.26,0.29%,新凤鸣,10.71,0.00%,1.29,15.91,67.32,59.33%,购买,AA,购买,11.14,20.68,14.40%,30.59%,2024/4/25,4.047,21.521,1.28%,0.69%,购买,1193.76,166.59,x
128072,翔鹭转债,105.806,0.11%,翔鹭钨业,10.04,2.24%,3.01,15.36,65.36,61.88%,购买,AA-,购买,10.75,19.97,11.00%,0.00%,2025/8/19,5.364,3.019,1.68%,1.15%,购买,504.79,167.69,w
113012,骆驼转债,107.62,0.07%,骆驼股份?R,8.79,0.23%,1.2,13.29*,66.14,62.72%,购买,AA,购买,9.3,17.28,6.70%,10.67%,2023/3/24,2.956,5.096,0.06%,-0.44%,购买,134.08,170.34,x
123024,岱勒转债,106.05,-0.62%,岱勒新材,16.19,-0.31%,2.37,24.9,65.02,63.10%,购买,A+,购买,17.43,32.37,15.70%,15.68%,2024/3/21,3.951,2.099,1.64%,1.03%,购买,471.48,169.15,w
113024,核建转债,105.67,0.04%,中国核建?R,6.29,0.16%,1.09,9.87,63.73,65.81%,购买,AAA,购买,6.91,12.83,18.10%,0.07%,2025/4/7,4.997,29.96,0.77%,0.40%,购买,375.95,171.48,x
128052,凯龙转债,253.999,-2.68%,凯龙股份?R,10.16,-0.29%,2.23,6.77,150.07,69.25%,购买,AA,购买,4.74,8.8,0.80%,0.09%,2024/12/21,4.704,0.323,-15.73%,-16.17%,购买,46047.5,323.25,x
128022,众信转债,105.712,0.39%,众信旅游,4.86,1.25%,1.75,7.91*,61.44,72.06%,购买,AA,购买,5.54,10.28,16.40%,32.26%,2023/12/1,3.647,6.999,1.06%,0.56%,购买,635.62,177.77,x
113014,林洋转债,105.98,0.08%,林洋能源?R,5.26,0.96%,0.9,8.59,61.23,73.09%,购买,AA,购买,6.01,11.17,32.40%,29.06%,2023/10/27,3.551,30,1.16%,0.61%,购买,587.48,179.07,x
132004,15国盛EB,100.83,0.15%,上海建工?R,3.23,0.00%,0.89,5.55***,58.2,73.99%,购买,AAA,购买,3.88,7.21,17.40%,23.73%,2021/11/5,1.575,50,2.34%,1.72%,购买,1027.18,174.82,x
127004,模塑转债,217.664,-2.88%,模塑科技?R,9.33,0.76%,3.65,7.59,122.92,77.08%,购买,AA,购买,5.31,9.87,1.50%,7.69%,2023/6/2,3.148,1.316,-18.80%,-19.41%,购买,106275.48,294.74,w
128014,永东转债,104.998,0.09%,永东股份,7.23,1.54%,1.86,12.64,57.2,83.56%,购买,AA-,购买,8.85,16.43,12.40%,14.12%,2023/4/17,3.022,3.37,2.31%,1.53%,购买,221.47,188.56,x
123013,横河转债,146.838,-3.23%,横河模具,7.21,0.14%,3.26,9.22,78.2,87.77%,购买,A+,购买,6.45,11.99,2.40%,0.21%,2024/7/26,4.299,0.383,-5.46%,-6.06%,购买,7282.3,234.61,x
132009,17中油EB,101.62,-0.08%,中国石油?R,4.64,0.00%,0.69,8.54,54.33,88.41%,购买,AAA,购买,5.98,11.1,1.20%,19.80%,2022/7/13,2.26,100,2.43%,1.74%,购买,2468.62,190.03,x
113502,嘉澳转债,110.18,-0.37%,嘉澳环保,26.36,-0.90%,2.48,45.04,58.53,88.25%,购买,AA-,购买,31.53,58.55,9.60%,1.49%,2023/11/9,3.586,1.847,0.54%,-0.09%,购买,152.77,198.43,x
128035,大族转债,109.66,0.56%,大族激光?R,30.44,-1.84%,3.72,52.3,58.2,88.42%,购买,AA+,购买,36.61,67.99,7.10%,35.60%,2024/2/6,3.83,22.997,-0.40%,-0.79%,购买,413.65,198.08,x
110045,海澜转债,102,0.00%,海澜之家?R,6.48,-0.92%,2.17,12.02,53.91,89.20%,购买,AA+,购买,8.41,15.63,10.30%,18.73%,2024/7/13,4.263,29.498,2.17%,1.65%,购买,913.9,191.2,x
132013,17宝武EBQ,102.34,0.17%,宝钢股份?R,4.92,-0.20%,0.63,9.05,54.36,88.96%,购买,AAA,购买,-,-,13.70%,18.12%,2020/11/24,0.627,150,1.99%,0.75%,购买,19816.62,191.3,x
113016,小康转债,102.62,0.60%,小康股份?R,9.14,2.35%,1.66,17.12*,53.39,92.21%,购买,AA,购买,11.98,22.26,10.30%,1.18%,2023/11/6,3.578,8.812,2.08%,1.53%,购买,960.31,194.83,x
132015,18中油EB,101.68,0.14%,中国石油?R,4.64,0.00%,0.69,8.98,51.67,97.30%,购买,AAA,购买,6.29,11.67,2.40%,11.48%,2023/2/1,2.816,200,2.51%,1.88%,购买,8298.58,198.98,x
128032,双环转债,103.148,0.08%,双环传动,5.04,0.00%,0.94,9.93,50.76,103.21%,购买,AA,购买,6.95,12.91,28.90%,26.26%,2023/12/25,3.712,9.998,1.86%,1.33%,购买,284.55,206.36,x
128023,亚太转债,101.812,0.16%,亚太股份,4.94,2.07%,1.34,10.34,47.78,113.08%,购买,AA,购买,7.24,13.44,27.40%,9.48%,2023/12/4,3.655,9.994,2.77%,2.13%,购买,881.18,214.89,w
128037,岩土转债,104.099,0.47%,中化岩土,3.72,0.81%,1.67,8.01,46.44,124.16%,购买,AA,购买,5.61,10.41,9.00%,13.88%,2024/3/15,3.934,6.032,1.98%,1.40%,购买,580.34,228.26,x
132007,16凤凰EBQ,102.9,0.29%,凤凰传媒?R,6.64,0.45%,1.23,14.8,44.86,130.37%,购买,AAA,购买,11.84,19.24,29.60%,24.62%,2021/10/31,1.562,50,2.27%,1.40%,购买,5144.68,233.27,x
132008,17山高EB,104,0.00%,山东高速?R,4.17,0.00%,0.71,9.4,44.36,138.14%,购买,AAA,购买,6.58,12.22,12.50%,19.23%,2022/4/24,2.041,25,2.56%,1.52%,购买,0,242.14,x
128010,顺昌转债,106.95,-0.28%,澳洋顺昌,4.13,0.49%,1.94,9.26,44.6,139.80%,购买,AA,购买,6.48,12.04,12.60%,21.51%,2022/1/22,1.789,5.095,1.39%,0.38%,购买,426.62,246.75,x
128013,洪涛转债,103.454,0.02%,洪涛股份?R,3.32,-0.60%,1.26,8.00*,41.5,149.29%,购买,AA,购买,5.6,10.4,28.90%,18.20%,2022/7/29,2.304,11.999,3.29%,2.35%,购买,1036.03,252.74,w
113503,泰晶转债?!,357,1.44%,泰晶科技,25.6,-1.95%,5.89,17.9,143.02,149.62%,购买,AA,购买,12.53,23.27,0.70%,1.07%,2023/12/15,3.685,0.316,-27.26%,-27.64%,购买,94667.99,506.62,x
132011,17浙报EBQ,98.99,0.34%,浙数文化?R,9.27,-0.11%,1.52,24.18,38.34,159.88%,购买,AAA,购买,16.93,31.43,19.90%,26.17%,2022/8/17,2.356,24,2.69%,2.19%,购买,474.68,258.87,x
128062,亚药转债,90.41,-0.10%,亚太药业?R,5.44,-2.33%,4.61,16.25,33.48,170.04%,购买,A+,购买,11.38,21.12,33.00%,0.20%,2025/4/2,4.984,9.645,5.92%,5.17%,购买,3173.29,260.45,w
128012,辉丰转债,101.04,0.20%,辉丰股份,2.55,-0.78%,1.3,7.71,33.07,205.53%,购买,A+,购买,5.4,10.02,22.00%,4.94%,2022/4/21,2.033,8.443,2.24%,1.69%,购买,599.65,306.57,w
