code,bond_name,bond_price,u1,stock_name,stock_price,u2,PB,convert_price,u3,u4,u5,rank,u6,back_sell_price,130_sell_price,bond_percentage,u7,expire,remaining_time,pretax_return,tax_return,back_sell_return,u8,u9
128052,凯龙转债,195.46400000000003,4.53%,凯龙股份,16.89,-2.26%,3.7,6.97,242.32,-19.34%,购买,AA,购买,4.88,9.06,5.80%,会员,2024/12/21,5.66,-9.03%,-9.44%,购买,18509.33,???
127009,冰轮转债,138.3,0.01%,冰轮环境,9.28,-2.01%,2.15,5.52,168.12,-17.74%,购买,AA,购买,3.86,7.18,8.40%,会员,2025/1/14,5.726,-3.18%,-3.63%,购买,854.84,???
127008,特发转债,207.11,2.53%,特发信息,16.6,-1.66%,4.49,6.78,244.84,-15.41%,购买,AA,购买,4.75,8.81,4.00%,会员,2023/11/16,4.562,-12.83%,-13.21%,购买,17327.04,???
110052,贵广转债,121.49,-1.60%,贵广网络,11.17,-2.19%,2.7,8.13,137.39,-11.57%,购买,AA+,购买,5.69,10.57,13.70%,会员,2025/3/5,5.8629999999999995,-0.36%,-0.92%,购买,2840.51,???
128063,未来转债,110.88,-0.73%,德尔未来,10.45,-2.43%,3.99,8.74,119.57,-7.27%,购买,AA-,购买,6.12,11.36,9.00%,会员,2025/4/3,5.942,2.60%,1.79%,购买,4232.08,???
110050,佳都转债,126.58,-0.39%,佳都科技,10.74,0.66%,4.84,7.95,135.09,-6.30%,购买,AA,购买,5.57,10.34,5.00%,会员,2024/12/18,5.652,-1.82%,-2.26%,购买,397.59,???
128053,尚荣转债,115.0,0.00%,尚荣医疗,6.01,1.35%,1.83,4.94,121.66,-5.47%,购买,AA,购买,3.46,6.42,17.70%,会员,2025/2/14,5.811,0.05%,-0.42%,购买,1181.05,???
123016,洲明转债,131.0,-0.09%,洲明科技,13.03,0.39%,4.71,9.45,137.88,-4.99%,购买,AA-,购买,6.62,12.29,5.50%,会员,2024/11/7,5.54,-2.25%,-2.74%,购买,141.91,???
113520,百合转债,130.65,0.35%,梦百合,26.15,1.51%,3.41,19.03,137.41,-4.92%,购买,AA-,购买,13.32,24.74,8.10%,会员,2024/11/8,5.542000000000001,-2.21%,-2.70%,购买,72.99,???
128055,长青转2,116.5,-0.34%,长青股份,13.96,1.75%,1.47,11.41,122.35,-4.78%,购买,AA,购买,7.99,14.83,18.20%,会员,2025/2/27,5.847,-0.15%,-0.62%,购买,1013.48,???
123020,富祥转债,116.0,-0.17%,富祥股份,21.9,3.35%,4.49,18.05,121.33,-4.39%,购买,AA-,购买,12.63,23.46,8.50%,会员,2025/3/1,5.852,0.75%,0.13%,购买,1595.83,???
123018,溢利转债,112.0,-0.18%,溢多利,9.85,-1.20%,2.01,8.41,117.12,-4.37%,购买,AA-,购买,5.89,10.93,16.60%,会员,2024/12/20,5.6579999999999995,0.52%,0.04%,购买,269.64,???
113020,桐昆转债,122.28,0.35%,桐昆股份,16.04,0.82%,1.82,12.63,127.0,-3.72%,购买,AA+,购买,8.84,16.42,13.00%,会员,2024/11/19,5.5729999999999995,-1.42%,-1.83%,购买,2583.58,???
113527,维格转债,109.36,-0.08%,维格娜丝,16.98,0.18%,1.27,14.96,113.5,-3.65%,购买,AA,购买,10.47,19.45,24.40%,会员,2025/1/23,5.751,1.76%,1.13%,购买,161.03,???
110046,圆通转债,118.99,-0.83%,圆通速递,13.41,-2.33%,3.3,10.89,123.14,-3.37%,购买,AA+,购买,7.62,14.16,9.60%,会员,2024/11/19,5.5729999999999995,-0.53%,-1.02%,购买,264.96,???
113523,伟明转债,114.5,0.29%,伟明环保,27.94,1.93%,5.8,23.92,116.81,-1.98%,购买,AA,购买,16.74,31.1,3.50%,会员,2024/12/10,5.63,0.13%,-0.36%,购买,115.89,???
113521,科森转债,108.52,0.55%,科森科技,9.9,1.54%,2.35,8.95,110.61,-1.89%,购买,AA,购买,6.26,11.63,14.80%,会员,2024/11/16,5.564,1.18%,0.67%,购买,654.54,???
113519,长久转债,109.3,-0.74%,长久物流,13.31,1.45%,2.83,11.99,111.01,-1.54%,购买,AA,购买,8.39,15.59,9.40%,会员,2024/11/7,5.54,1.83%,1.18%,购买,53.7,???
113513,安井转债,118.95,2.53%,安井食品,42.8,3.18%,4.68,35.46,120.7,-1.45%,购买,AA-,购买,24.82,46.1,5.40%,会员,2024/7/12,5.216,-0.98%,-1.43%,购买,1385.58,???
128036,金农转债,150.0,-3.78%,金新农,14.62,-2.92%,4.78,9.62,151.98,-1.30%,购买,AA-,购买,6.73,12.51,3.70%,会员,2024/3/9,4.874,-6.11%,-6.48%,购买,4261.79,???
110047,山鹰转债,109.63,-0.13%,山鹰纸业,3.7,-0.54%,1.25,3.34,110.78,-1.04%,购买,AA+,购买,2.34,4.34,13.60%,会员,2024/11/21,5.577999999999999,1.43%,0.84%,购买,2866.89,???
128057,博彦转债,111.61200000000001,2.77%,博彦科技,10.03,3.94%,2.17,8.9,112.7,-0.97%,购买,AA-,购买,6.23,11.57,10.90%,会员,2025/3/5,5.8629999999999995,0.91%,0.38%,购买,1859.12,???
123002,国祯转债,119.59200000000001,-2.33%,国祯环保,10.51,-2.05%,2.67,8.720*,120.53,-0.78%,购买,AA,购买,6.1,11.34,9.20%,会员,2023/11/24,4.584,-1.78%,-2.18%,购买,410.63,???
113526,联泰转债,109.9,1.46%,联泰环保,13.63,2.25%,2.75,12.31,110.72,-0.74%,购买,AA,购买,8.62,16,13.40%,会员,2025/1/22,5.747999999999999,0.19%,-0.16%,购买,138.95,???
123001,蓝标转债,131.17,-1.09%,蓝色光标,5.69,-2.07%,2.15,4.310***,132.02,-0.64%,购买,AA,购买,3.02,5.6,1.60%,会员,2021/12/18,2.6489999999999996,-6.10%,-6.82%,购买,6319.69,???
128027,崇达转债,117.38600000000001,0.10%,崇达技术,17.41,2.23%,4.99,14.75,118.03,-0.55%,购买,AA,购买,10.32,19.18,5.30%,会员,2023/12/15,4.641,-1.26%,-1.68%,购买,100.77,???
113515,高能转债,116.33,-0.33%,高能环境,10.97,-0.45%,2.64,9.38,116.95,-0.53%,购买,AA,购买,6.57,12.19,10.30%,会员,2024/7/26,5.255,-0.51%,-0.97%,购买,325.83,???
113506,鼎信转债?!,130.0,0.22%,鼎信通讯,28.28,-0.18%,5.44,21.65,130.62,-0.47%,购买,AA,购买,15.15,28.14,0.10%,会员,2024/4/16,4.978,-3.30%,-3.66%,购买,39.55,???
113018,常熟转债?!,136.6,3.46%,常熟银行,7.9,3.40%,1.63,5.760*,137.15,-0.40%,购买,AA+,购买,-,7.49,3.60%,会员,2024/1/19,4.737,-4.61%,-4.95%,购买,355.48,???
128024,宁行转债,124.381,-0.42%,宁波银行,22.47,-1.10%,1.45,18.01,124.76,-0.30%,购买,AAA,购买,-,23.41,5.80%,会员,2023/12/5,4.614,-2.86%,-3.21%,购买,2943.44,???
123012,万顺转债,117.6,-0.43%,万顺股份,7.63,-0.39%,1.51,6.47,117.93,-0.28%,购买,AA-,购买,4.53,8.41,4.20%,会员,2024/7/20,5.2379999999999995,-1.07%,-1.46%,购买,195.11,???
128058,拓邦转债,115.3,0.24%,拓邦股份,6.52,1.40%,2.86,5.64,115.6,-0.26%,购买,AA,购买,3.95,7.33,8.60%,会员,2025/3/7,5.867999999999999,1.13%,0.46%,购买,512.96,???
110044,广电转债?!,189.9,3.48%,广电网络,13.14,1.39%,2.85,6.91,190.16,-0.14%,购买,AA,购买,4.84,8.98,1.60%,会员,2024/6/27,5.175,-9.66%,-10.05%,购买,16478.58,???
128030,天康转债,137.0,-4.26%,天康生物,11.18,-4.69%,3.42,8.15,137.18,-0.13%,购买,AA,购买,5.71,10.6,6.20%,会员,2023/12/22,4.66,-4.16%,-4.62%,购买,2378.11,???
127010,平银转债,119.81299999999999,-0.98%,平安银行,14.1,-0.21%,1.01,11.77,119.8,0.01%,购买,AAA,购买,-,14.12,10.70%,会员,2025/1/21,5.745,-0.27%,-0.82%,购买,5619.58,???
110040,生益转债,119.81,1.28%,生益科技,13.92,1.02%,4.6,11.62,119.79,0.02%,购买,AA+,购买,-,15.11,6.00%,会员,2023/11/23,4.581,-1.82%,-2.22%,购买,487.05,???
113008,电气转债,119.5,-0.11%,上海电气,6.2,0.00%,1.59,5.190*,119.46,0.03%,购买,AAA,购买,3.63,6.75,4.90%,会员,2021/2/2,1.775,-5.53%,-6.33%,购买,2255.8,???
123006,东财转债?!,161.51,0.75%,东方财富,18.33,0.38%,6.34,11.36,161.36,0.09%,购买,AA,购买,7.95,14.77,0.90%,会员,2023/12/20,4.655,-7.92%,-8.29%,购买,5451.6,???
110041,蒙电转债,112.55,-0.80%,内蒙华电,3.28,2.18%,1.45,2.92,112.33,0.20%,购买,AAA,购买,2.04,3.8,9.80%,会员,2023/12/21,4.658,-0.32%,-0.75%,购买,525.97,???
128021,兄弟转债,113.509,1.35%,兄弟科技,6.05,1.34%,2.35,5.350*,113.08,0.38%,购买,AA,购买,3.75,6.96,9.60%,会员,2023/11/28,4.595,-0.63%,-1.04%,购买,1871.0,???
123013,横河转债,112.34,-0.59%,横河模具,10.36,0.39%,5.62,9.26,111.88,0.41%,购买,A+,购买,6.48,12.04,1.70%,会员,2024/7/26,5.255,0.71%,0.15%,购买,35.74,???
113507,天马转债?!,122.85,1.42%,天马科技,9.0,-1.42%,3.0,7.370*,122.12,0.60%,购买,AA-,购买,5.16,9.58,4.20%,会员,2024/4/17,4.981,-1.71%,-2.17%,购买,10.33,???
128041,盛路转债,178.8,6.11%,盛路通信,12.22,4.18%,3.82,6.88,177.62,0.66%,购买,AA,购买,4.82,8.94,1.00%,会员,2024/7/16,5.227,-8.17%,-8.63%,购买,1441.38,???
127007,湖广转债,111.99,-0.89%,湖北广电,8.81,-2.00%,0.94,7.920*,111.24,0.67%,购买,AA+,购买,5.54,10.3,22.20%,会员,2024/6/28,5.178,0.28%,-0.20%,购买,292.15,???
128039,三力转债,112.206,-0.70%,三力士,6.5,-1.22%,2.33,5.840*,111.3,0.81%,购买,AA-,购买,4.09,7.59,10.20%,会员,2024/6/7,5.121,-0.29%,-0.67%,购买,185.68,???
128049,华源转债,108.399,0.00%,华源控股,8.14,-0.25%,1.9,7.57,107.53,0.81%,购买,AA-,购买,5.3,9.84,15.80%,会员,2024/11/27,5.595,1.20%,0.69%,购买,51.18,???
128062,亚药转债,104.198,-1.30%,亚太药业,16.8,-2.33%,3.65,16.3,103.07,1.09%,购买,AA,购买,11.41,21.19,10.70%,会员,2025/4/2,5.94,2.46%,1.86%,购买,1639.38,???
113524,奇精转债,106.7,0.02%,奇精机械,15.57,2.43%,2.93,14.76,105.49,1.15%,购买,AA,购买,10.33,19.19,10.80%,会员,2024/12/14,5.641,1.88%,1.30%,购买,72.69,???
128034,江银转债,111.5,0.08%,江阴银行,5.15,0.19%,1.06,4.680**,110.04,1.33%,购买,AA+,购买,-,6.08,15.70%,会员,2024/1/26,4.756,-0.37%,-0.74%,购买,384.52,???
123008,康泰转债?!,175.22,0.41%,康泰生物,54.0,-0.64%,21.18,31.23,172.91,1.34%,购买,AA-,购买,21.86,40.6,0.00%,会员,2024/2/1,4.773,-9.30%,-9.65%,购买,68.04,???
113015,隆基转债,126.24,-1.71%,隆基股份,23.36,-0.81%,4.2,18.76,124.52,1.38%,购买,AA+,购买,13.13,24.39,3.30%,会员,2023/11/1,4.521,-2.99%,-3.39%,购买,1351.92,???
123015,蓝盾转债,129.5,1.33%,蓝盾股份,7.43,1.92%,2.13,5.820*,127.66,1.44%,购买,AA,购买,4.07,7.57,1.10%,会员,2024/8/13,5.303999999999999,-2.54%,-2.97%,购买,109.17,???
128038,利欧转债,121.499,1.75%,利欧股份,2.06,1.48%,1.63,1.720*,119.77,1.44%,购买,AA,购买,1.2,2.24,1.70%,会员,2024/3/22,4.91,-1.35%,-1.84%,购买,436.59,???
128048,张行转债,111.499,0.00%,张家港行,6.65,0.00%,1.34,6.06,109.74,1.60%,购买,AA+,购买,-,7.88,20.80%,会员,2024/11/12,5.553,0.46%,-0.01%,购买,543.03,???
123004,铁汉转债,109.852,-0.59%,铁汉生态,4.3,-0.23%,1.58,3.990*,107.77,1.93%,购买,AA,购买,2.79,5.19,8.30%,会员,2023/12/18,4.649,0.09%,-0.32%,购买,738.92,???
113517,曙光转债,119.98,0.24%,中科曙光,42.98,2.36%,10.01,36.53,117.66,1.97%,购买,AA,购买,25.57,47.49,2.90%,会员,2024/8/6,5.285,-1.10%,-1.55%,购买,884.39,???
123021,万信转2,114.4,0.18%,万达信息,15.27,1.39%,4.76,13.62,112.11,2.04%,购买,AA,购买,9.53,17.71,7.10%,会员,2025/3/3,5.858,0.58%,0.04%,购买,864.94,???
110054,通威转债,118.3,-0.32%,通威股份,14.42,0.14%,3.48,12.44,115.92,2.05%,购买,AA+,购买,8.71,16.17,8.90%,会员,2025/3/18,5.899,-0.40%,-0.86%,购买,1037.67,???
123007,道氏转债,118.97,-0.10%,道氏技术,17.71,-0.51%,5.05,15.200*,116.51,2.11%,购买,AA-,购买,10.64,19.76,3.70%,会员,2023/12/28,4.677,-1.31%,-1.77%,购买,156.52,???
128025,特一转债,110.26100000000001,-1.36%,特一药业,16.66,-2.06%,3.01,15.450*,107.83,2.25%,购买,AA-,购买,10.81,20.09,10.10%,会员,2023/12/6,4.6160000000000005,0.01%,-0.41%,购买,56.66,???
113529,绝味转债,116.34,-1.19%,绝味食品,45.93,-0.80%,6.23,40.52,113.35,2.64%,购买,AA,购买,28.36,52.68,5.30%,会员,2025/3/11,5.879,0.29%,-0.25%,购买,896.65,???
110042,航电转债,116.15,-1.61%,中航电子,16.08,-0.43%,3.74,14.23,113.0,2.79%,购买,AAA,购买,9.96,18.5,8.50%,会员,2023/12/24,4.666,-1.22%,-1.60%,购买,486.16,???
110049,海尔转债,119.5,-0.48%,青岛海尔,16.88,-0.82%,3.01,14.55,116.01,3.01%,购买,AAA,购买,10.19,17.46,2.80%,会员,2024/12/17,5.649,-1.48%,-1.80%,购买,441.94,???
113516,苏农转债,116.56,-0.52%,苏农银行,7.15,0.00%,1.27,6.34,112.78,3.35%,购买,AA+,购买,-,8.24,11.00%,会员,2024/8/1,5.271,-0.16%,-0.69%,购买,17.65,???
123011,德尔转债,107.98,-1.21%,德尔股份,36.39,-2.44%,1.98,34.96,104.09,3.74%,购买,AA-,购买,24.47,45.45,14.50%,会员,2024/7/18,5.233,1.68%,1.08%,购买,362.03,???
123023,迪森转债,105.26,-0.42%,迪森股份,7.45,-0.13%,2.0,7.39,100.81,4.41%,购买,AA,购买,5.17,9.61,22.20%,会员,2025/3/20,5.904,1.58%,1.11%,购买,287.48,???
110048,福能转债,110.6,-1.81%,福能股份,9.18,-4.18%,1.21,8.69,105.64,4.70%,购买,AA+,购买,6.08,11.3,19.90%,会员,2024/12/6,5.619,0.60%,0.14%,购买,3633.6,???
123014,凯发转债,108.9,-0.43%,凯发电气,8.47,0.71%,2.2,8.15,103.93,4.78%,购买,A+,购买,5.71,10.6,13.30%,会员,2023/7/27,4.255,0.13%,-0.28%,购买,19.37,???
128056,今飞转债,103.66,0.14%,今飞凯达,6.72,0.45%,2.68,6.8,98.82,4.90%,购买,A+,购买,4.76,8.84,14.50%,会员,2025/2/28,5.849,2.83%,2.17%,购买,75.72,???
123009,星源转债,111.598,-0.12%,星源材质,29.14,0.03%,3.47,27.49,106.0,5.28%,购买,AA,购买,19.24,35.74,8.60%,会员,2024/3/7,4.868,-0.24%,-0.63%,购买,6.15,???
113514,威帝转债,104.53,-1.53%,威帝股份,5.86,-0.85%,3.19,5.92,98.99,5.60%,购买,A+,购买,4.14,7.7,9.50%,会员,2023/7/20,4.236000000000001,1.56%,1.05%,购买,47.39,???
128044,岭南转债,104.42,0.37%,岭南股份,8.85,0.34%,2.01,8.960*,98.77,5.72%,购买,AA,购买,6.27,11.65,7.30%,会员,2024/8/14,5.307,1.37%,0.94%,购买,283.94,???
113525,台华转债,106.7,-0.62%,台华新材,11.63,-0.17%,2.48,11.56,100.61,6.05%,购买,AA,购买,8.09,15.03,8.40%,会员,2024/12/16,5.647,1.41%,0.92%,购买,32.51,???
128060,中装转债,102.1,0.07%,中装建设,5.99,0.17%,1.68,6.24,95.99,6.37%,购买,AA,购买,4.37,8.11,14.60%,会员,2025/3/26,5.921,1.81%,1.39%,购买,548.45,???
113532,海环转债,103.26,0.14%,海峡环保,7.56,-0.53%,2.29,7.8,96.92,6.54%,购买,AA,购买,5.46,10.14,13.50%,会员,2025/4/1,5.937,1.60%,1.19%,购买,578.21,???
128047,光电转债,113.01100000000001,2.73%,中航光电,42.5,5.80%,5.56,40.26,105.56,7.06%,购买,AA+,购买,28.18,52.34,3.90%,会员,2024/11/5,5.534,-0.50%,-0.83%,购买,1752.49,???
110051,中天转债,110.2,-0.38%,中天科技,10.57,0.96%,1.72,10.29,102.72,7.28%,购买,AA+,购买,7.2,13.38,12.20%,会员,2025/2/28,5.849,0.64%,0.19%,购买,778.9,???
113505,杭电转债,105.2,0.19%,杭电股份,7.12,0.85%,2.26,7.29,97.67,7.71%,购买,AA,购买,5.1,9.48,15.90%,会员,2024/3/5,4.863,1.47%,0.98%,购买,287.7,???
123024,岱勒转债,102.51,-1.72%,岱勒新材,23.61,-0.34%,3.58,24.9,94.82,8.11%,购买,A+,购买,17.43,32.37,10.80%,会员,2024/3/21,4.907,2.10%,1.60%,购买,605.56,???
110055,伊力转债,108.6,-7.34%,伊力特,17.65,-9.95%,3.31,17.6,100.28,8.30%,购买,AA,购买,12.32,22.88,11.30%,会员,2025/3/15,5.89,1.07%,0.59%,购买,7405.79,???
110043,无锡转债,105.29,-0.86%,无锡银行,6.48,0.62%,1.1,6.700*,96.72,8.86%,购买,AA+,购买,-,8.71,25.00%,会员,2024/1/30,4.7669999999999995,0.90%,0.51%,购买,268.28,???
128061,启明转债,109.251,-0.32%,启明星辰,28.4,-0.14%,8.0,28.33,100.25,8.98%,购买,AA,购买,19.83,36.83,4.10%,会员,2025/3/27,5.922999999999999,1.38%,0.83%,购买,901.11,???
127005,长证转债,113.4,0.61%,长江证券,7.75,1.44%,1.61,7.45,104.03,9.01%,购买,AAA,购买,-,9.69,11.70%,会员,2024/3/12,4.882,-0.69%,-1.05%,购买,3775.39,???
113528,长城转债,102.9,-0.93%,长城科技,22.82,-3.22%,2.48,24.18,94.38,9.03%,购买,AA-,购买,16.93,31.43,15.60%,会员,2025/3/1,5.852,2.44%,1.87%,购买,559.46,???
113012,骆驼转债,104.39,0.23%,骆驼股份,12.85,0.31%,1.84,13.440*,95.61,9.18%,购买,AA,购买,9.41,17.47,4.60%,会员,2023/3/24,3.912,1.08%,0.65%,购买,137.07,???
123010,博世转债,103.2,-0.32%,博世科,11.76,-2.00%,2.9,12.450*,94.46,9.25%,购买,AA-,购买,8.71,16.18,10.30%,会员,2024/7/5,5.197,1.85%,1.37%,购买,75.84,???
123025,精测转债,111.041,0.03%,精测电子,77.0,0.00%,12.53,75.88,101.48,9.42%,购买,AA-,购买,53.12,98.64,3.00%,会员,2025/3/28,5.926,1.02%,0.49%,购买,113.7,???
132018,G三峡EB1,97.91,-0.09%,长江电力,16.81,0.36%,2.69,18.8,89.41,9.53%,购买,AAA,购买,13.16,22.56,5.40%,会员,2024/4/9,4.959,2.49%,2.08%,购买,12191.18,???
113017,吉视转债,104.01,-0.03%,吉视传媒,2.8,-1.06%,1.22,2.96,94.59,9.96%,购买,AA+,购买,2.07,3.85,17.90%,会员,2023/12/27,4.6739999999999995,1.29%,0.87%,购买,626.41,???
110056,亨通转债,109.36,0.24%,亨通光电,21.67,1.26%,3.44,21.79,99.45,9.96%,购买,AA+,购买,15.25,28.33,4.20%,会员,2025/3/19,5.901,0.89%,0.42%,购买,836.61,???
113011,光大转债,110.89,-0.07%,光大银行,4.15,-0.95%,0.68,4.13,100.48,10.36%,购买,AAA,购买,-,5.37,13.80%,会员,2023/3/17,3.8930000000000002,-0.38%,-0.82%,购买,1160.6,???
123019,中来转债,103.29700000000001,-0.29%,中来股份,19.1,2.03%,1.84,20.41,93.58,10.38%,购买,AA-,购买,14.29,26.53,21.70%,会员,2025/2/25,5.841,3.38%,2.64%,购买,648.95,???
128019,久立转2,104.7,-1.32%,久立特材,7.5,-1.57%,1.99,7.92,94.7,10.56%,购买,AA,购买,5.54,10.3,16.50%,会员,2023/11/8,4.54,1.18%,0.75%,购买,621.47,???
128045,机电转债,109.133,-1.50%,中航机电,7.54,0.67%,2.96,7.66,98.43,10.87%,购买,AAA,购买,5.36,9.96,7.70%,会员,2024/8/27,5.3420000000000005,0.15%,-0.20%,购买,668.85,???
110033,国贸转债,111.6,-0.36%,厦门国贸,8.66,0.12%,0.67,8.61,100.58,10.96%,购买,AA+,购买,6.03,11.19,9.30%,会员,2022/1/5,2.699,-0.17%,-0.92%,购买,202.49,???
123017,寒锐转债,107.87700000000001,-0.11%,寒锐钴业,79.18,-1.37%,8.5,81.49,97.17,11.02%,购买,AA-,购买,57.04,105.94,2.90%,会员,2024/11/20,5.575,0.54%,0.17%,购买,128.0,???
128033,迪龙转债,101.9,-0.44%,雪迪龙,8.28,-1.31%,2.36,9.030*,91.69,11.14%,购买,AA,购买,6.32,11.74,10.40%,会员,2023/12/27,4.6739999999999995,1.74%,1.32%,购买,21.72,???
113509,新泉转债,104.6,-0.38%,新泉股份,17.77,-0.39%,2.51,18.890*,94.07,11.19%,购买,AA,购买,13.22,24.56,11.10%,会员,2024/6/3,5.11,1.21%,0.80%,购买,135.12,???
113518,顾家转债,108.5,0.46%,顾家家居,50.67,0.62%,4.66,52.2,97.07,11.78%,购买,AA,购买,41.76,67.86,5.00%,会员,2024/9/11,5.3839999999999995,1.16%,0.64%,购买,35.19,???
113533,参林转债,105.07,-1.16%,大参林,45.08,0.60%,6.15,48.05,93.82,11.99%,购买,AA,购买,33.63,62.47,5.50%,会员,2025/4/2,5.94,1.29%,0.87%,购买,1365.07,???
128050,钧达转债,102.98,-1.32%,钧达股份,19.99,-8.34%,2.81,21.74,91.95,12.00%,购买,AA-,购买,15.22,28.26,13.20%,会员,2024/12/10,5.63,3.45%,2.69%,购买,545.42,???
113016,小康转债,101.45,0.16%,小康股份,15.49,-0.26%,2.8,17.200*,90.06,12.65%,购买,AA,购买,12.04,22.36,6.00%,会员,2023/11/6,4.534,2.00%,1.55%,购买,20.79,???
113503,泰晶转债,105.86,1.75%,泰晶科技,16.9,3.30%,4.21,17.99,93.94,12.69%,购买,AA,购买,12.59,23.39,8.00%,会员,2023/12/15,4.641,1.43%,0.91%,购买,159.12,???
127011,中鼎转2,110.58,-1.27%,中鼎股份,11.67,-2.59%,1.7,11.99,97.33,13.61%,购买,AA+,购买,8.39,15.59,8.40%,会员,2025/3/8,5.871,0.79%,0.31%,购买,774.34,???
123022,长信转债,108.0,0.37%,长信科技,6.06,1.17%,2.94,6.38,94.98,13.71%,购买,AA,购买,4.47,8.29,8.80%,会员,2025/3/18,5.899,1.14%,0.67%,购买,290.0,???
127003,海印转债,105.69,-0.01%,海印股份,2.81,-1.40%,1.77,3.030**,92.74,13.96%,购买,AA,购买,2.12,3.94,18.10%,会员,2022/6/8,3.1210000000000004,2.60%,1.74%,购买,376.58,???
113013,国君转债,112.0,-1.64%,国泰君安,19.32,-0.05%,1.39,19.67,98.22,14.03%,购买,AAA,购买,-,25.57,4.10%,会员,2023/7/6,4.197,-0.48%,-0.91%,购买,2634.2,???
128018,时达转债,100.4,-0.35%,新时达,6.52,-1.06%,1.34,7.450*,87.52,14.72%,购买,AA,购买,5.21,9.69,21.80%,会员,2023/11/6,4.534,2.24%,1.78%,购买,62.34,???
128042,凯中转债,102.947,-0.25%,凯中精密,11.88,-1.57%,2.64,13.25,89.66,14.82%,购买,AA,购买,9.28,17.23,12.00%,会员,2024/7/30,5.266,2.56%,1.96%,购买,50.06,???
128015,久其转债,103.9,0.51%,久其软件,8.54,1.07%,2.86,9.480*,90.08,15.34%,购买,AA,购买,6.64,12.32,12.80%,会员,2023/6/8,4.121,1.94%,1.38%,购买,193.39,???
113024,核建转债,103.07,3.07%,中国核建,8.86,0.23%,2.38,9.93,89.22,15.52%,购买,AAA,购买,6.95,12.91,12.90%,会员,2025/4/7,5.952999999999999,1.10%,0.79%,购买,54446.03,???
113531,百姓转债,105.52,-0.64%,老百姓,55.08,-0.02%,5.34,60.59,90.91,16.07%,购买,AA,购买,42.41,78.77,2.10%,会员,2024/3/28,4.926,1.34%,0.87%,购买,200.53,???
132005,15国资EB,116.0,-0.74%,中国太保,36.75,-0.14%,2.23,36.65,100.27,16.34%,购买,AAA,购买,-,-,0.60%,会员,2020/12/8,1.6219999999999999,-3.10%,-4.28%,购买,1.51,???
128059,视源转债,109.6,-0.45%,视源股份,71.77,0.38%,13.83,76.25,94.12,16.45%,购买,AA,购买,53.38,99.12,2.00%,会员,2025/3/11,5.879,0.73%,0.29%,购买,267.82,???
110053,苏银转债,104.46,-0.84%,江苏银行,7.08,-0.42%,0.68,7.9,89.62,16.56%,购买,AAA,购买,-,10.27,24.50%,会员,2025/3/13,5.885,2.34%,1.75%,购买,10516.29,???
113019,玲珑转债,107.8,-1.11%,玲珑轮胎,17.3,0.52%,2.07,18.84,91.83,17.39%,购买,AA+,购买,13.19,24.49,9.60%,会员,2023/3/1,3.8489999999999998,1.25%,0.63%,购买,605.75,???
113504,艾华转债,104.16,-0.80%,艾华集团,19.28,0.00%,3.65,21.730*,88.73,17.39%,购买,AA,购买,15.21,28.25,9.20%,会员,2024/3/1,4.852,1.31%,0.89%,购买,5.84,???
113522,旭升转债,106.0,0.01%,旭升股份,26.95,-2.18%,7.47,29.86,90.25,17.45%,购买,AA,购买,20.9,38.82,3.90%,会员,2024/11/22,5.581,2.34%,1.69%,购买,321.88,???
128040,华通转债,112.664,-0.75%,华通医药,10.89,-5.14%,3.59,11.45,95.11,18.46%,购买,AA-,购买,8.02,14.88,9.70%,会员,2024/6/13,5.1370000000000005,0.11%,-0.36%,购买,1473.44,???
127006,敖东转债,104.36,-0.52%,吉林敖东,18.23,0.22%,1.01,20.82,87.56,19.19%,购买,AA+,购买,14.57,27.07,11.40%,会员,2024/3/13,4.885,0.79%,0.46%,购买,133.02,???
113530,大丰转债,100.19,0.19%,大丰实业,14.19,1.79%,3.48,16.88,84.06,19.19%,购买,AA,购买,11.82,21.94,11.00%,会员,2025/3/26,5.921,3.45%,2.79%,购买,461.32,???
128051,光华转债,101.831,0.03%,光华科技,14.49,-1.36%,4.51,17.03,85.09,19.67%,购买,AA-,购买,11.92,22.14,4.60%,会员,2024/12/14,5.641,2.39%,1.86%,购买,42.14,???
113508,新凤转债,101.34,0.14%,新凤鸣,14.22,-0.56%,2.06,16.83,84.49,19.94%,购买,AA,购买,11.78,21.88,12.70%,会员,2024/4/25,5.003,2.20%,1.72%,购买,156.79,???
128022,众信转债,103.14,0.10%,众信旅游,6.81,0.89%,2.5,7.920*,85.98,19.96%,购买,AA,购买,5.54,10.3,11.60%,会员,2023/12/1,4.603,1.50%,1.07%,购买,118.46,???
110038,济川转债,111.0,0.00%,济川药业,36.67,-0.43%,5.0,40.04,91.58,21.21%,购买,AA,购买,20.02,50.05,2.10%,会员,2022/11/12,3.551,-0.57%,-1.03%,购买,780.68,???
113511,千禾转债,103.6,0.11%,千禾味业,22.02,0.18%,5.5,25.85,85.18,21.62%,购买,AA-,购买,18.09,33.6,5.00%,会员,2024/6/19,5.153,1.75%,1.28%,购买,41.23,???
123003,蓝思转债,102.595,-0.05%,蓝思科技,8.78,0.92%,1.99,10.460**,83.94,22.22%,购买,AA+,购买,7.32,13.6,13.90%,会员,2023/12/8,4.622,1.61%,1.18%,购买,357.58,???
132014,18中化EBQ,100.2,0.00%,中国化学,6.28,0.00%,0.94,7.66,81.98,22.23%,购买,AAA,购买,5.36,9.96,11.30%,会员,2023/4/24,3.997,2.30%,1.83%,购买,0.0,???
128017,金禾转债,109.23700000000001,-0.33%,金禾实业,20.45,0.29%,2.92,22.96,89.07,22.64%,购买,AA,购买,16.07,29.85,5.30%,会员,2023/11/1,4.521,0.22%,-0.21%,购买,236.09,???
113009,广汽转债,109.49,-1.98%,广汽集团,13.1,-3.03%,1.75,14.74,88.87,23.20%,购买,AAA,购买,10.32,19.16,1.90%,会员,2022/1/22,2.745,-0.17%,-0.78%,购买,242.34,???
113021,中信转债,104.6,-0.52%,中信银行,6.29,0.32%,0.7,7.45,84.43,23.89%,购买,AAA,购买,-,9.69,13.00%,会员,2025/3/3,5.858,2.30%,1.71%,购买,2913.07,???
128020,水晶转债,106.49700000000001,0.04%,水晶光电,13.75,1.93%,3.02,16.000*,85.94,23.92%,购买,AA,购买,11.2,20.8,9.90%,会员,2023/11/16,4.562,1.05%,0.57%,购买,4.7,???
128054,中宠转债,107.0,-0.21%,中宠股份,32.53,-1.72%,4.06,37.97,85.67,24.90%,购买,A+,购买,26.58,49.36,6.00%,会员,2025/2/15,5.814,1.36%,0.88%,购买,13.43,???
128016,雨虹转债,107.911,0.29%,东方雨虹,19.29,3.27%,3.64,22.63,85.24,26.60%,购买,AA+,购买,15.84,29.42,6.40%,会员,2023/9/25,4.419,0.51%,0.07%,购买,551.61,???
113022,浙商转债,110.0,0.41%,浙商证券,10.8,-0.09%,2.63,12.53,86.19,27.63%,购买,AAA,购买,-,16.29,9.70%,会员,2025/3/12,5.882000000000001,0.00%,-0.32%,购买,1425.31,???
128029,太阳转债,103.8,-1.24%,太阳纸业,7.08,0.28%,1.46,8.75,80.91,28.29%,购买,AA+,购买,6.12,11.38,6.50%,会员,2022/12/22,3.66,1.18%,0.75%,购买,88.7,???
110034,九州转债,104.7,0.19%,九州通,15.01,1.15%,1.58,18.42,81.49,28.48%,购买,AA+,购买,12.89,23.95,5.30%,会员,2022/1/15,2.7260000000000004,1.99%,1.27%,购买,281.39,???
113510,再升转债,101.29,-0.37%,再升科技,8.88,-1.33%,3.49,11.32,78.45,29.11%,购买,AA-,购买,9.06,14.72,2.40%,会员,2024/6/18,5.151,2.25%,1.76%,购买,24.45,???
128046,利尔转债,104.61,-0.01%,利尔化学,15.0,-0.73%,2.49,18.62,80.56,29.85%,购买,AA,购买,13.03,24.21,10.80%,会员,2024/10/17,5.482,1.50%,1.04%,购买,36.71,???
128043,东音转债,176.8,2.90%,东音股份,14.89,9.97%,3.29,11.130*,133.78,32.16%,购买,AA-,购买,7.79,14.47,9.00%,会员,2024/8/2,5.274,-7.89%,-8.35%,购买,5640.56,???
132013,17宝武EBQ,100.0,-0.14%,宝钢股份,7.18,-0.69%,0.94,9.55,75.18,33.58%,购买,AAA,购买,-,-,9.40%,会员,2020/11/24,1.584,2.87%,2.25%,购买,901.64,???
128014,永东转债,100.001,-0.11%,永东股份,10.11,-2.13%,2.37,13.53,74.72,33.83%,购买,AA-,购买,9.47,17.59,10.00%,会员,2023/4/17,3.978,3.01%,2.42%,购买,153.02,???
128026,众兴转债,96.13,-0.70%,众兴菌业,8.03,0.37%,1.09,11.64,68.99,39.34%,购买,AA-,购买,8.15,15.13,31.10%,会员,2023/12/13,4.636,3.20%,2.74%,购买,148.29,???
128035,大族转债,105.21,0.20%,大族激光,39.29,0.31%,4.79,52.5,74.84,40.58%,购买,AA+,购买,36.75,68.25,5.50%,会员,2024/2/6,4.7860000000000005,0.63%,0.30%,购买,120.35,???
110045,海澜转债,101.31,-0.27%,海澜之家,8.89,0.45%,3.08,12.4,71.69,41.32%,购买,AA+,购买,8.68,16.12,7.50%,会员,2024/7/13,5.218999999999999,1.96%,1.52%,购买,334.9,???
110030,格力转债,105.71,0.20%,格力地产,5.12,-0.78%,1.39,6.94,73.78,43.28%,购买,AA,购买,4.86,9.02,4.00%,会员,2019/12/25,0.6659999999999999,0.41%,-1.29%,购买,92.45,???
128032,双环转债,98.95,-0.05%,双环传动,6.65,-0.60%,1.27,9.99,66.57,48.64%,购买,AA,购买,6.99,12.99,21.90%,会员,2023/12/25,4.668,2.50%,2.05%,购买,44.54,???
128037,岩土转债,96.014,-0.90%,中化岩土,5.08,-0.20%,2.44,8.03,63.26,51.78%,购买,AA,购买,5.62,10.44,6.60%,会员,2024/3/15,4.89,3.41%,2.91%,购买,153.53,???
113502,嘉澳转债,98.19,-0.53%,嘉澳环保,27.91,-0.07%,2.73,45.27,61.65,59.27%,购买,AA-,购买,31.69,58.85,9.00%,会员,2023/11/9,4.542,3.19%,2.64%,购买,28.62,???
128028,赣锋转债,100.52,0.45%,赣锋锂业,26.83,-0.63%,4.45,42.58,63.01,59.53%,购买,AA,购买,29.81,55.35,2.60%,会员,2023/12/21,4.658,1.95%,1.54%,购买,389.35,???
113014,林洋转债,100.48,-0.02%,林洋能源,5.49,0.92%,0.98,8.76,62.67,60.33%,购买,AA,购买,6.13,11.39,31.00%,会员,2023/10/27,4.507,2.24%,1.78%,购买,367.71,???
128010,顺昌转债,100.445,-0.78%,澳洋顺昌,5.58,1.09%,2.03,9.26,60.26,66.69%,购买,AA,购买,6.48,12.04,9.30%,会员,2022/1/22,2.745,3.84%,3.05%,购买,146.11,???
128023,亚太转债,94.801,-0.36%,亚太股份,5.81,0.87%,1.52,10.34,56.19,68.72%,购买,AA,购买,7.24,13.44,23.30%,会员,2023/12/8,4.622,3.91%,3.37%,购买,231.28,???
132004,15国盛EB,97.88,-0.08%,上海建工,3.67,-1.08%,1.05,6.48,56.64,73.65%,购买,AAA,购买,4.54,8.42,15.30%,会员,2021/11/5,2.532,3.04%,2.56%,购买,159.81,???
127004,模塑转债,95.1,-0.42%,模塑科技,4.14,-0.72%,1.34,7.72,53.63,77.33%,购买,AA,购买,5.4,10.04,23.80%,会员,2023/6/2,4.104,4.86%,4.15%,购买,124.95,???
110031,航信转债,111.01,-0.09%,航天信息,25.92,-1.14%,4.34,42.38,61.16,81.51%,购买,AAA,购买,29.67,55.09,5.00%,会员,2021/6/12,2.1319999999999997,-0.44%,-1.30%,购买,9.75,???
132007,16凤凰EBQ,98.0,0.00%,凤凰传媒,8.01,-1.35%,1.55,15.36,52.15,88.86%,购买,AAA,购买,12.29,19.97,24.50%,会员,2021/10/31,2.5180000000000002,3.77%,3.15%,购买,0.0,???
132008,17山高EB,99.2,0.00%,山东高速,4.88,-0.20%,0.86,9.62,50.73,95.57%,购买,AAA,购买,6.73,12.51,10.60%,会员,2022/4/24,2.997,3.91%,3.19%,购买,0.0,???
128012,辉丰转债,97.51,-0.14%,辉丰股份,3.39,1.80%,1.48,7.71,43.97,121.76%,购买,A+,购买,5.4,10.02,16.50%,会员,2022/4/21,2.989,2.74%,2.36%,购买,318.35,???
132011,17浙报EBQ,93.15,0.00%,浙数文化,9.7,0.41%,1.62,24.39,39.77,135.96%,购买,AAA,购买,17.07,31.71,19.00%,会员,2022/8/17,3.312,4.12%,3.68%,购买,0.0,???
128013,洪涛转债,96.88,-0.40%,洪涛股份,3.5,-4.89%,1.16,9.98,35.07,176.25%,购买,AA,购买,6.99,12.97,27.40%,会员,2022/7/29,3.26,4.74%,4.00%,购买,437.67,??
